company,name,year,month,TA_turnover,AR_turnover
000156,港商野村,2024,12,,
000020,遠智證券,2023,12,0.35,12.07
000025,基富通證券,2023,12,0.5,5.51
000027,大華銀行台北,2023,12,0,0
000029,台灣巴克萊證券,2023,12,0.13,0
0000A1,好好證券,2023,12,0.01,9.23
000102,合作金庫證券,2023,12,0.06,0.17
000104,臺銀證券,2023,12,0.09,0.26
000136,麥格理資本,2023,12,0.09,0.11
000138,台灣匯立證券,2023,12,0.3,0.57
000144,美林證券,2023,12,0.11,0.33
000147,台灣摩根士丹,2023,12,0.07,0.28
000148,美商高盛,2023,12,0.21,0.55
000152,瑞士信貸,2023,12,0.03,0.23
000156,港商野村,2023,12,0.11,0.2
000157,香港商法國興業證券,2023,12,0.08,0.34
000159,花旗環球證券,2023,12,0.21,0.53
000165,新加坡商瑞銀證券,2023,12,0.1,0.13
000218,亞東證券,2023,12,0.03,1.18
000280,法國興業銀台北分行,2023,12,0.13,0.9
000511,富隆證券,2023,12,0.01,1.33
000532,高橋證券,2023,12,0.13,0.56
000538,第一金證,2023,12,0.09,0.51
000546,寶盛證券,2023,12,0.05,0.59
000560,永興證券,2023,12,0.14,0.77
000566,日進證券,2023,12,0.09,0.3
000586,盈溢證券,2023,12,0.04,0.49
000596,日茂證券,2023,12,0.09,0.44
000601,奔亞證券,2023,12,0.01,0.06
000611,台中銀證,2023,12,0.17,0.54
000616,中信證券,2023,12,0.11,0.82
000621,新百王證券,2023,12,0.06,0.16
000638,光和證券,2023,12,0.15,0.48
000645,永全證券,2023,12,0.1,0.28
000646,大昌證券,2023,12,0.1,0.47
000662,口袋證券,2023,12,0.04,0.08
000695,福勝證券,2023,12,0.11,0.38
000700,兆豐證券,2023,12,0.08,0.44
000708,石橋證券,2023,12,0.13,0.64
000775,北城證券,2023,12,0.11,0.24
000779,國票證券,2023,12,0.06,0.46
000815,台新證券,2023,12,0.1,0.77
000838,安泰證券,2023,12,0.11,0.31
000844,摩根大通,2023,12,0.08,0.43
000849,京城證券,2023,12,0.09,0.38
000852,中農證券,2023,12,0.07,0.28
000856,新光證券,2023,12,0.1,0.54
000871,陽信證券,2023,12,0.11,0.27
000884,玉山證券,2023,12,0.16,0.82
000888,國泰證券,2023,12,0.12,0.47
000889,大和國泰,2023,12,0.07,0.09
000890,法銀巴黎證券,2023,12,0.09,0.15
000896,香港上海匯豐,2023,12,0.12,0.2
000930,華南永昌證券,2023,12,0.09,0.58
000960,富邦證券,2023,12,0.1,0.97
000980,元大證券,2023,12,0.07,1.04
0009A0,永豐金證券,2023,12,0.08,0.91
002011,愛德盟期貨,2023,12,0.03,9.46
021011,國泰期貨,2023,12,0.03,"7,407.17"
021021,永豐期貨,2023,12,0.04,"4,646.44"
021041,凱基期貨,2023,12,0.05,14.36
021051,國票期貨,2023,12,0.03,"9,089.67"
021141,華南期貨,2023,12,0.06,"4,193.25"
021301,兆豐期貨,2023,12,0.04,699.96
021341,澳帝華期貨,2023,12,0.5,416.11
021391,大昌期貨,2023,12,0.08,470.78
021401,台新期貨,2023,12,0.02,0
026000,富邦期貨,2023,12,0.04,189.19
2855,統一證,2023,12,0.08,0.65
2856,元富證,2023,12,0.07,0.45
5833,元大證金,2023,12,0.02,0
5864,致和證,2023,12,0.17,1.38
5866,統一期,2023,12,0.03,0
5867,康和期,2023,12,0.08,"1,265.30"
5869,元富期,2023,12,0.04,616.06
6005,群益證,2023,12,0.06,1.14
6008,凱基證,2023,12,0.07,0.66
6015,宏遠證,2023,12,0.1,0.49
6016,康和證,2023,12,0.09,0.65
6020,大展證,2023,12,0.08,2.36
6021,美好證,2023,12,0.08,0.49
6023,元大期,2023,12,0.03,25.09
6024,群益期,2023,12,0.04,78.84
6026,福邦證,2023,12,0.12,3.38
6027,德信,2023,12,0.22,1.04
M3000,証券,2023,12,0.06,0.95
OTC30,證券類,2023,12,0.06,1.06
T3000,證券上市櫃及金控旗下,2023,12,0.07,0.91
000020,遠智證券,2022,12,0.23,10.25
000022,富拉凱證券,2022,12,0,0
000025,基富通證券,2022,12,0.49,5.57
000027,大華銀行台北,2022,12,0,0
000029,台灣巴克萊證券,2022,12,,
0000A1,好好證券,2022,12,0,4.39
000102,合作金庫證券,2022,12,0.05,0.16
000104,臺銀證券,2022,12,0.05,0.16
000116,日盛證券,2022,12,0.08,0.71
000136,麥格理資本,2022,12,0.05,0.07
000138,台灣匯立證券,2022,12,0.19,0.29
000144,美林證券,2022,12,0.09,0.36
000147,台灣摩根士丹,2022,12,0.08,0.28
000148,美商高盛,2022,12,0.32,1.03
000152,瑞士信貸,2022,12,0.08,0.45
000156,港商野村,2022,12,0.11,0.29
000157,香港商法國興業證券,2022,12,0.07,0.44
000159,花旗環球證券,2022,12,0.2,0.52
000165,新加坡商瑞銀證券,2022,12,0.14,0.2
000218,亞東證券,2022,12,0,0.04
000280,法國興業銀台北分行,2022,12,0.31,1.64
000511,富隆證券,2022,12,0.01,0.15
000532,高橋證券,2022,12,0.1,0.42
000538,第一金證,2022,12,0.06,0.33
000546,寶盛證券,2022,12,0.04,0.47
000560,永興證券,2022,12,0.11,0.61
000566,日進證券,2022,12,0.08,0.27
000586,盈溢證券,2022,12,0.03,0.41
000596,日茂證券,2022,12,0.07,0.33
000601,奔亞證券,2022,12,0.02,0.2
000611,台中銀證,2022,12,0.07,0.24
000616,中信證券,2022,12,0.06,0.52
000621,新百王證券,2022,12,0.05,0.11
000638,光和證券,2022,12,0.11,0.4
000645,永全證券,2022,12,0.09,0.23
000646,大昌證券,2022,12,0.1,0.52
000662,口袋證券,2022,12,0.02,0.13
000695,福勝證券,2022,12,0.09,0.29
000700,兆豐證券,2022,12,0.05,0.26
000708,石橋證券,2022,12,0.14,0.69
000775,北城證券,2022,12,0.08,0.2
000779,國票證券,2022,12,0.05,0.42
000815,台新證券,2022,12,0.06,0.52
000838,安泰證券,2022,12,0.08,0.27
000844,摩根大通,2022,12,0.09,0.59
000849,京城證券,2022,12,0.04,0.26
000852,中農證券,2022,12,0.06,0.27
000856,新光證券,2022,12,0.08,0.41
000871,陽信證券,2022,12,0.09,0.24
000884,玉山證券,2022,12,0.12,0.68
000888,國泰證券,2022,12,0.1,0.4
000889,大和國泰,2022,12,0.1,0.19
000890,法銀巴黎證券,2022,12,0.11,0.2
000896,香港上海匯豐,2022,12,0.14,0.27
000930,華南永昌證券,2022,12,0.08,0.41
000960,富邦證券,2022,12,0.07,0.78
000980,元大證券,2022,12,0.06,0.86
0009A0,永豐金證券,2022,12,0.06,0.75
002011,愛德盟期貨,2022,12,0.06,27.61
021011,國泰期貨,2022,12,0.03,"6,061.18"
021021,永豐期貨,2022,12,0.04,"1,927.86"
021041,凱基期貨,2022,12,0.07,21.04
021051,國票期貨,2022,12,0.04,"34,589.91"
021071,日盛期貨,2022,12,0.06,786.61
021141,華南期貨,2022,12,0.08,"12,218.03"
021301,兆豐期貨,2022,12,0.05,848.93
021341,澳帝華期貨,2022,12,0.57,348.21
021391,大昌期貨,2022,12,0.1,489.63
021401,台新期貨,2022,12,,
026000,富邦期貨,2022,12,0.03,174.79
2855,統一證,2022,12,0.06,0.47
2856,元富證,2022,12,0.04,0.26
5833,元大證金,2022,12,0.02,0
5864,致和證,2022,12,0.01,0.05
5866,統一期,2022,12,0.03,0
5867,康和期,2022,12,0.11,"1,236.48"
5869,元富期,2022,12,0.04,734.56
6005,群益證,2022,12,0.04,0.94
6008,凱基證,2022,12,0.05,0.59
6015,宏遠證,2022,12,0.05,0.23
6016,康和證,2022,12,0.05,0.36
6020,大展證,2022,12,0.02,0.26
6021,美好證,2022,12,0.06,0.36
6023,元大期,2022,12,0.04,294.72
6024,群益期,2022,12,0.06,171.21
6026,福邦證,2022,12,0.02,0.62
6027,德信,2022,12,0.01,0.03
M3000,証券,2022,12,0.05,0.78
OTC30,證券類,2022,12,0.04,0.61
T3000,證券上市櫃及金控旗下,2022,12,0.06,0.72
000020,遠智證券,2021,12,0.66,10.04
000022,富拉凱證券,2021,12,0,0
000025,基富通證券,2021,12,0.55,6.16
000027,大華銀行台北,2021,12,0,0
000098,曙光證券,2021,12,0.01,0
0000A1,好好證券,2021,12,0,0
000102,合作金庫證券,2021,12,0.07,0.17
000104,臺銀證券,2021,12,0.09,0.26
000116,日盛證券,2021,12,0.1,0.77
000136,麥格理資本,2021,12,0.08,0.1
000138,台灣匯立證券,2021,12,0.18,0.23
000144,美林證券,2021,12,0.1,0.33
000147,台灣摩根士丹,2021,12,0.09,0.28
000148,美商高盛,2021,12,0.32,0.94
000152,瑞士信貸,2021,12,0.13,0.55
000156,港商野村,2021,12,0.21,0.43
000157,香港商法國興業證券,2021,12,0.11,0.81
000159,花旗環球證券,2021,12,0.23,0.47
000165,新加坡商瑞銀證券,2021,12,0.22,0.32
000218,亞東證券,2021,12,0.03,0.96
000280,法國興業銀台北分行,2021,12,0.21,2.44
000511,富隆證券,2021,12,0.1,0.57
000532,高橋證券,2021,12,0.13,0.34
000538,第一金證,2021,12,0.1,0.46
000546,寶盛證券,2021,12,0.06,0.4
000560,永興證券,2021,12,0.2,0.73
000566,日進證券,2021,12,0.13,0.36
000586,盈溢證券,2021,12,0.07,0.5
000596,日茂證券,2021,12,0.12,0.4
000601,奔亞證券,2021,12,0.07,0.46
000611,台中銀證,2021,12,0.2,0.61
000616,中信證券,2021,12,0.09,0.71
000621,新百王證券,2021,12,0.06,0.12
000638,光和證券,2021,12,0.16,0.47
000645,永全證券,2021,12,0.13,0.29
000646,大昌證券,2021,12,0.12,0.47
000662,口袋證券,2021,12,0.05,0.34
000695,福勝證券,2021,12,0.13,0.34
000700,兆豐證券,2021,12,0.09,0.34
000707,豐農證券,2021,12,0.12,0.35
000708,石橋證券,2021,12,0.28,0.93
000775,北城證券,2021,12,0.12,0.24
000779,國票證券,2021,12,0.08,0.44
000815,台新證券,2021,12,0.09,0.42
000838,安泰證券,2021,12,0.13,0.35
000844,摩根大通,2021,12,0.16,0.9
000849,京城證券,2021,12,0.06,0.38
000852,中農證券,2021,12,0.1,0.33
000856,新光證券,2021,12,0.12,0.42
000871,陽信證券,2021,12,0.13,0.31
000884,玉山證券,2021,12,0.15,0.62
000888,國泰證券,2021,12,0.11,0.44
000889,大和國泰,2021,12,0.12,0.21
000890,法銀巴黎證券,2021,12,0.16,0.32
000896,香港上海匯豐,2021,12,0.17,0.35
000930,華南永昌證券,2021,12,0.11,0.42
000960,富邦證券,2021,12,0.11,0.84
000980,元大證券,2021,12,0.08,0.9
0009A0,永豐金證券,2021,12,0.09,0.8
002011,愛德盟期貨,2021,12,0.05,29.57
021011,國泰期貨,2021,12,0.02,254.53
021021,永豐期貨,2021,12,0.04,"1,575.85"
021041,凱基期貨,2021,12,0.06,15.95
021051,國票期貨,2021,12,0.04,0
021071,日盛期貨,2021,12,0.07,"1,359.02"
021141,華南期貨,2021,12,0.08,"47,151.70"
021301,兆豐期貨,2021,12,0.06,716.04
021341,澳帝華期貨,2021,12,0.56,914.46
021391,大昌期貨,2021,12,0.1,404.76
026000,富邦期貨,2021,12,0.03,153.94
2855,統一證,2021,12,0.1,0.65
2856,元富證,2021,12,0.08,0.41
5833,元大證金,2021,12,0.03,0
5864,致和證,2021,12,0.14,0.85
5866,統一期,2021,12,0.03,0
5867,康和期,2021,12,0.11,"1,010.89"
5869,元富期,2021,12,0.05,607.22
6005,群益證,2021,12,0.07,1.18
6008,凱基證,2021,12,0.08,0.72
6015,宏遠證,2021,12,0.16,0.67
6016,康和證,2021,12,0.11,0.67
6020,大展證,2021,12,0.17,2
6021,美好證,2021,12,0.09,0.38
6023,元大期,2021,12,0.04,37.17
6024,群益期,2021,12,0.05,31.36
6026,福邦證,2021,12,0.22,6.03
6027,德信,2021,12,0.22,0.72
M3000,証券,2021,12,0.08,0.94
OTC30,證券類,2021,12,0.09,1.04
T3000,證券上市櫃及金控旗下,2021,12,0.09,0.83
000020,遠智證券,2020,12,1.04,9.15
000022,富拉凱證券,2020,12,0,0
000025,基富通證券,2020,12,0.39,5.36
000027,大華銀行台北,2020,12,0,0
000098,曙光證券,2020,12,0,0
0000A1,好好證券,2020,12,0.08,0
000102,合作金庫證券,2020,12,0.07,0.18
000104,臺銀證券,2020,12,0.07,0.2
000116,日盛證券,2020,12,0.07,0.68
000136,麥格理資本,2020,12,0.07,0.09
000138,台灣匯立證券,2020,12,0.14,0.17
000144,美林證券,2020,12,0.1,0.32
000147,台灣摩根士丹,2020,12,0.08,0.3
000148,美商高盛,2020,12,0.24,0.59
000152,瑞士信貸,2020,12,0.12,0.54
000156,港商野村,2020,12,0.19,0.33
000157,香港商法國興業證券,2020,12,0.07,0.29
000159,花旗環球證券,2020,12,0.27,0.61
000165,新加坡商瑞銀證券,2020,12,0.21,0.33
000218,亞東證券,2020,12,0.02,0.66
000280,法國興業銀台北分行,2020,12,0.02,2.06
000511,富隆證券,2020,12,0.07,0.32
000532,高橋證券,2020,12,0.09,0.2
000538,第一金證,2020,12,0.09,0.44
000546,寶盛證券,2020,12,0.04,0.28
000560,永興證券,2020,12,0.17,0.57
000566,日進證券,2020,12,0.09,0.24
000586,盈溢證券,2020,12,0.05,0.42
000587,光隆證券,2020,12,0.11,0.48
000596,日茂證券,2020,12,0.09,0.33
000601,奔亞證券,2020,12,0.02,0.16
000611,台中銀證,2020,12,0.13,0.39
000616,中信證券,2020,12,0.08,0.66
000621,新百王證券,2020,12,0.05,0.1
000638,光和證券,2020,12,0.14,0.37
000645,永全證券,2020,12,0.11,0.25
000646,大昌證券,2020,12,0.11,0.41
000662,口袋證券,2020,12,0.06,0.27
000695,福勝證券,2020,12,0.11,0.27
000700,兆豐證券,2020,12,0.06,0.27
000707,豐農證券,2020,12,0.08,0.23
000708,石橋證券,2020,12,0.13,0.41
000775,北城證券,2020,12,0.11,0.2
000779,國票證券,2020,12,0.07,0.43
000815,台新證券,2020,12,0.07,0.28
000838,安泰證券,2020,12,0.1,0.25
000844,摩根大通,2020,12,0.11,0.63
000849,京城證券,2020,12,0.07,0.31
000852,中農證券,2020,12,0.07,0.27
000856,新光證券,2020,12,0.11,0.32
000871,陽信證券,2020,12,0.09,0.2
000884,玉山證券,2020,12,0.13,0.49
000888,國泰證券,2020,12,0.11,0.57
000889,大和國泰,2020,12,0.16,0.35
000890,法銀巴黎證券,2020,12,0.19,0.4
000896,香港上海匯豐,2020,12,0.16,0.39
000930,華南永昌證券,2020,12,0.01,0.03
000960,富邦證券,2020,12,0.08,0.7
000980,元大證券,2020,12,0.06,0.77
0009A0,永豐金證券,2020,12,0.08,0.77
002011,愛德盟期貨,2020,12,0.09,72.35
021011,國泰期貨,2020,12,0.03,165.7
021021,永豐期貨,2020,12,0.06,"3,021.55"
021041,凱基期貨,2020,12,0.07,12.37
021051,國票期貨,2020,12,0.06,"138,318.50"
021071,日盛期貨,2020,12,0.07,"5,452.83"
021141,華南期貨,2020,12,0.1,"15,993.82"
021301,兆豐期貨,2020,12,0.06,756.8
021341,澳帝華期貨,2020,12,0.64,"2,354.27"
021391,大昌期貨,2020,12,0.12,620.42
026000,富邦期貨,2020,12,0.03,150.12
2855,統一證,2020,12,0.09,0.62
2856,元富證,2020,12,0.06,0.35
5833,元大證金,2020,12,0.02,0
5864,致和證,2020,12,0.13,0.74
5866,統一期,2020,12,0.04,0
5867,康和期,2020,12,0.14,"1,470.31"
5869,元富期,2020,12,0.06,428.52
6005,群益證,2020,12,0.07,1.11
6008,凱基證,2020,12,0.07,0.65
6015,宏遠證,2020,12,0.09,0.44
6016,康和證,2020,12,0.11,0.69
6020,大展證,2020,12,0.07,1.37
6021,美好證,2020,12,0.07,0.27
6023,元大期,2020,12,0.05,29.65
6024,群益期,2020,12,0.06,32.62
6026,福邦證,2020,12,0.11,2.54
6027,德信,2020,12,0.15,0.52
M3000,証券,2020,12,0.07,0.89
OTC30,證券類,2020,12,0.07,0.91
T3000,證券上市櫃及金控旗下,2020,12,0.07,0.69
000020,遠智證券,2019,12,0.9,7.1
000022,富拉凱證券,2019,12,0.01,0
000025,基富通證券,2019,12,0.25,5.37
000027,大華銀行台北,2019,12,0,0
000098,曙光證券,2019,12,,
0000A1,好好證券,2019,12,,
000102,合作金庫證券,2019,12,0.05,0.21
000104,臺銀證券,2019,12,0.07,0.23
000116,日盛證券,2019,12,0.06,0.93
000136,麥格理資本,2019,12,0.07,0.08
000138,台灣匯立證券,2019,12,0.15,0.19
000144,美林證券,2019,12,0.12,0.61
000147,台灣摩根士丹,2019,12,0.08,0.31
000148,美商高盛,2019,12,0.15,0.33
000152,瑞士信貸,2019,12,0.11,0.54
000153,德意志證券,2019,12,0.02,0.2
000156,港商野村,2019,12,0.13,0.26
000157,香港商法國興業證券,2019,12,0.05,0.22
000159,花旗環球證券,2019,12,0.22,0.63
000165,新加坡商瑞銀證券,2019,12,0.17,0.29
000218,亞東證券,2019,12,0.03,1.33
000280,法國興業銀台北分行,2019,12,,
000511,富隆證券,2019,12,0.05,0.29
000532,高橋證券,2019,12,0.08,0.26
000538,第一金證,2019,12,0.07,0.48
000546,寶盛證券,2019,12,0.04,0.44
000560,永興證券,2019,12,0.12,0.64
000566,日進證券,2019,12,0.06,0.22
000586,盈溢證券,2019,12,0.03,0.53
000587,光隆證券,2019,12,0.07,0.55
000596,日茂證券,2019,12,0.07,0.43
000601,奔亞證券,2019,12,0.04,0.32
000611,台中銀證,2019,12,0.11,0.42
000616,中信證券,2019,12,0.07,0.8
000621,新百王證券,2019,12,0.05,0.12
000638,光和證券,2019,12,0.1,0.45
000645,永全證券,2019,12,0.09,0.29
000646,大昌證券,2019,12,0.1,0.56
000662,口袋證券,2019,12,0.04,0.27
000695,福勝證券,2019,12,0.08,0.32
000700,兆豐證券,2019,12,0.06,0.38
000707,豐農證券,2019,12,0.07,0.27
000708,石橋證券,2019,12,0.1,0.49
000767,金港證券,2019,12,0.04,0.08
000775,北城證券,2019,12,0.11,0.25
000779,國票證券,2019,12,0.07,0.53
000815,台新證券,2019,12,0.07,0.42
000838,安泰證券,2019,12,0.08,0.29
000844,摩根大通,2019,12,0.1,0.51
000849,京城證券,2019,12,0.05,0.35
000852,中農證券,2019,12,0.05,0.35
000856,新光證券,2019,12,0.12,0.41
000871,陽信證券,2019,12,0.09,0.25
000877,大鼎證券,2019,12,0.08,0.77
000884,玉山證券,2019,12,0.12,0.68
000888,國泰證券,2019,12,0.11,0.76
000889,大和國泰,2019,12,0.17,0.48
000890,法銀巴黎證券,2019,12,0.15,0.46
000896,香港上海匯豐,2019,12,0.12,0.23
000930,華南永昌證券,2019,12,0.08,0.46
000960,富邦證券,2019,12,0.06,0.77
000980,元大證券,2019,12,0.06,1.07
0009A0,永豐金證券,2019,12,0.08,1.02
002011,愛德盟期貨,2019,12,0.08,32.96
021011,國泰期貨,2019,12,0.03,184.57
021021,永豐期貨,2019,12,0.05,"3,039.54"
021041,凱基期貨,2019,12,0.06,8.13
021051,國票期貨,2019,12,0.05,"110,505.50"
021071,日盛期貨,2019,12,0.06,"13,211.75"
021141,華南期貨,2019,12,0.09,"7,079.74"
021301,兆豐期貨,2019,12,0.05,725.13
021341,澳帝華期貨,2019,12,0.28,656.25
021391,大昌期貨,2019,12,0.11,846.27
026000,富邦期貨,2019,12,0.03,136.58
2855,統一證,2019,12,0.09,0.68
2856,元富證,2019,12,0.06,0.53
5833,元大證金,2019,12,0.03,0
5864,致和證,2019,12,0.07,0.57
5866,統一期,2019,12,0.04,0
5867,康和期,2019,12,0.14,"1,954.34"
5869,元富期,2019,12,0.05,278.54
6005,群益證,2019,12,0.06,1.4
6008,凱基證,2019,12,0.06,0.72
6015,宏遠證,2019,12,0.07,0.48
6016,康和證,2019,12,0.09,0.74
6020,大展證,2019,12,0.04,1.32
6021,美好證,2019,12,0.07,0.33
6023,元大期,2019,12,0.04,89.29
6024,群益期,2019,12,0.05,134.79
6026,福邦證,2019,12,0.12,2.68
6027,德信,2019,12,0.1,0.46
B00001,日盛投顧,2019,12,0.41,8.28
B00007,富邦投顧,2019,12,0.38,7.09
B00011,元大投顧,2019,12,0.81,372.33
B00015,康和投顧,2019,12,0.21,4.17
B00018,台新投顧,2019,12,0.26,12.65
B00024,口袋投顧,2019,12,0.21,105
B00029,富蘭克林投顧,2019,12,1.3,5.82
B00033,第一金投顧,2019,12,0.27,11.25
B00034,萬寶投顧,2019,12,0.55,9.05
B00038,華信投顧,2019,12,0.64,34.65
B00041,禮正投顧,2019,12,0.15,0
B00044,宏遠投顧,2019,12,0.27,23.01
B00046,顧德投顧,2019,12,1.83,43.06
B00047,永豐投顧,2019,12,0.53,107.71
B00049,巴黎投顧,2019,12,0.55,1.83
B00051,啟發投顧,2019,12,0.45,91.68
B00053,亞洲投顧,2019,12,1.37,24.44
B00059,凱基投顧,2019,12,1.14,"1,253.84"
B00063,安睿宏觀投顧,2019,12,0.49,4.95
B00065,美盛投顧,2019,12,0.72,2.16
B00072,統一投顧,2019,12,0.21,356.36
B00075,華冠投顧,2019,12,2.48,25.58
B00076,兆豐投顧,2019,12,0.84,11.71
B00090,萬通投顧,2019,12,0.86,56.25
B00109,運達投顧,2019,12,0.52,26.32
B00112,豐銀投顧,2019,12,0.97,12.71
B00118,華南投顧,2019,12,0.18,0
B00121,大宇投顧,2019,12,1.11,22.74
B00122,群益投顧,2019,12,0.56,"2,058.86"
B00131,大展投顧,2019,12,0.06,11.71
B00133,倫元投顧,2019,12,0.74,30.65
B00149,霸菱投顧,2019,12,0.35,2.66
B00152,元富投顧,2019,12,0.23,12.75
B00157,大昌投顧,2019,12,0.11,11.24
B00159,亞東投顧,2019,12,0.07,12.96
B00162,全球投顧,2019,12,0.18,12.02
B00164,普羊投顧,2019,12,1.01,33.34
B00192,鼎燁投顧,2019,12,0.89,9.83
B00201,國票投顧,2019,12,0.51,12.76
B00225,承通投顧,2019,12,0.72,12.43
B00233,中租投顧,2019,12,0.12,4.65
B00246,國泰投顧,2019,12,1.25,4.31
B00251,玉山投顧,2019,12,0.45,0
B00252,瑞源投顧,2019,12,0,0
B00257,君安投顧,2019,12,0.73,114.79
B00268,永誠國際,2019,12,2.08,38.33
B00271,大華國際,2019,12,0.57,19.43
B00276,品豐投顧,2019,12,2.33,53.66
B00282,鉅亨投顧,2019,12,1.15,4.11
B00295,新光投顧,2019,12,0.36,0
B00303,首華投顧,2019,12,0.04,2.1
B00305,廣源投顧,2019,12,0.29,10.27
B00308,安山盛亞,2019,12,0,0
B00310,高欣投顧,2019,12,0.97,105.65
B00311,大來國際,2019,12,0.96,44.27
B00313,富盛投顧,2019,12,0.61,4.6
B00317,福邦投顧,2019,12,0.2,35.72
B00318,聚揚投顧,2019,12,0.61,26.95
B00319,法盛投顧,2019,12,0.6,4.69
B00320,容海投顧,2019,12,0.24,15.18
B00322,先進全球投顧,2019,12,0.07,0.64
B00324,桓宇投顧,2019,12,0.17,96.98
B00327,信誠環球,2019,12,3.11,82.74
B00328,百達投顧,2019,12,0.87,1.97
B00330,丹尼爾,2019,12,0.17,13.05
B00333,核聚投顧,2019,12,0.18,"3,195.75"
B00339,時間投顧,2019,12,0.23,3.09
B00340,中信投顧,2019,12,0.63,0
B00344,嘉實投顧,2019,12,0.14,3.88
B00348,商智投顧,2019,12,0,0
B00349,德信投顧,2019,12,0.05,8.39
B00350,機智投顧,2019,12,0.02,2.67
B00351,品浩太平洋,2019,12,0.35,3.68
B00352,亞太國際投顧,2019,12,2.8,127
B00353,瑞聯投顧,2019,12,0.4,10.12
B00354,鴻光投顧,2019,12,0.04,0
B00355,展新投顧,2019,12,,
B00357,摩爾投顧,2019,12,,
B00547,美好投顧,2019,12,0.16,13.72
M3000,証券,2019,12,0.07,1.05
OTC30,證券類,2019,12,0.06,1.09
T3000,證券上市櫃及金控旗下,2019,12,0.07,0.91
000020,遠智證券,2018,12,0.73,7.6
000022,富拉凱證券,2018,12,0.14,0
000025,基富通證券,2018,12,0.15,7.26
000027,大華銀行台北,2018,12,,
000102,合作金庫證券,2018,12,0.03,0.17
000104,臺銀證券,2018,12,0.07,0.24
000116,日盛證券,2018,12,0.07,0.93
000136,麥格理資本,2018,12,0.11,0.14
000138,台灣匯立證券,2018,12,0.23,0.31
000144,美林證券,2018,12,0.15,0.72
000147,台灣摩根士丹,2018,12,0.08,0.19
000148,美商高盛,2018,12,0.15,0.28
000152,瑞士信貸,2018,12,0.12,0.47
000153,德意志證券,2018,12,0.05,0.39
000156,港商野村,2018,12,0.18,0.48
000157,香港商法國興業證券,2018,12,0.07,1
000159,花旗環球證券,2018,12,0.33,0.92
000165,新加坡商瑞銀證券,2018,12,0.18,0.29
000218,亞東證券,2018,12,0.02,0.79
000511,富隆證券,2018,12,0.06,0.31
000532,高橋證券,2018,12,0.09,0.3
000538,第一金證,2018,12,0.08,0.48
000546,寶盛證券,2018,12,0.04,0.21
000560,永興證券,2018,12,0.15,0.79
000566,日進證券,2018,12,0.08,0.32
000586,盈溢證券,2018,12,0.04,0.42
000587,光隆證券,2018,12,0.08,0.59
000596,日茂證券,2018,12,0.08,0.46
000601,奔亞證券,2018,12,0.01,0.09
000611,台中銀證,2018,12,0.09,0.35
000616,中信證券,2018,12,0.06,0.65
000621,新百王證券,2018,12,0.06,0.13
000638,光和證券,2018,12,0.1,0.48
000645,永全證券,2018,12,0.09,0.35
000646,大昌證券,2018,12,0.09,0.54
000662,口袋證券,2018,12,0.04,0.36
000695,福勝證券,2018,12,0.1,0.43
000700,兆豐證券,2018,12,0.05,0.33
000707,豐農證券,2018,12,0.09,0.37
000708,石橋證券,2018,12,0.13,0.61
000767,金港證券,2018,12,0.04,0.1
000775,北城證券,2018,12,0.11,0.3
000779,國票證券,2018,12,0.06,0.46
000815,台新證券,2018,12,0.06,0.4
000838,安泰證券,2018,12,0.1,0.37
000844,摩根大通,2018,12,0.09,0.37
000849,京城證券,2018,12,0.06,0.34
000852,中農證券,2018,12,0.06,0.35
000856,新光證券,2018,12,0.13,0.47
000871,陽信證券,2018,12,0.1,0.29
000877,大鼎證券,2018,12,0.13,0.88
000884,玉山證券,2018,12,0.11,0.69
000888,國泰證券,2018,12,0.11,0.73
000889,大和國泰,2018,12,0.1,0.43
000890,法銀巴黎證券,2018,12,0.24,0.86
000896,香港上海匯豐,2018,12,0.12,0.22
000930,華南永昌證券,2018,12,0.08,0.47
000960,富邦證券,2018,12,0.07,0.61
000980,元大證券,2018,12,0.06,0.99
0009A0,永豐金證券,2018,12,0.06,0.83
002011,愛德盟期貨,2018,12,0.15,22.63
002081,華大期貨,2018,12,0.06,0
010002,環華證金,2018,12,0.02,3.26
021011,國泰期貨,2018,12,0.04,132.2
021021,永豐期貨,2018,12,0.07,"3,977.12"
021041,凱基期貨,2018,12,0.09,9.46
021051,國票期貨,2018,12,0.08,0
021071,日盛期貨,2018,12,0.07,"37,580.85"
021141,華南期貨,2018,12,0.11,"5,053.43"
021301,兆豐期貨,2018,12,0.07,819.9
021341,澳帝華期貨,2018,12,0.67,"2,052.27"
021391,大昌期貨,2018,12,,"1,054.62"
026000,富邦期貨,2018,12,0.04,137.32
2855,統一證,2018,12,0.07,0.58
2856,元富證,2018,12,0.05,0.51
5833,元大證金,2018,12,0.03,0
5864,致和證,2018,12,0.08,0.68
5866,統一期,2018,12,0.07,0
5867,康和期,2018,12,0.15,"1,822.50"
5869,元富期,2018,12,0.05,258.91
6005,群益證,2018,12,0.06,1.34
6008,凱基證,2018,12,0.06,0.72
6015,宏遠證,2018,12,0.03,0.19
6016,康和證,2018,12,0.05,0.49
6020,大展證,2018,12,0.02,0.7
6021,美好證,2018,12,0.08,0.4
6023,元大期,2018,12,0.06,312.81
6024,群益期,2018,12,0.08,122.81
6026,福邦證,2018,12,0.08,1.1
6027,德信,2018,12,0,0
B00001,日盛投顧,2018,12,0.34,11.35
B00007,富邦投顧,2018,12,0.41,9.33
B00011,元大投顧,2018,12,0.83,370.13
B00015,康和投顧,2018,12,0.25,3.76
B00018,台新投顧,2018,12,0.26,12.81
B00024,口袋投顧,2018,12,0,10.47
B00029,富蘭克林投顧,2018,12,1.17,5.19
B00033,第一金投顧,2018,12,0.43,12.53
B00034,萬寶投顧,2018,12,0.58,10.99
B00038,華信投顧,2018,12,0.57,41.73
B00041,禮正投顧,2018,12,0.16,0
B00044,宏遠投顧,2018,12,0.28,22.58
B00046,顧德投顧,2018,12,1.6,48.59
B00047,永豐投顧,2018,12,0.55,107.23
B00049,巴黎投顧,2018,12,0.7,1.89
B00051,啟發投顧,2018,12,0.26,102.17
B00053,亞洲投顧,2018,12,1.74,23.05
B00059,凱基投顧,2018,12,1.28,927.13
B00063,安睿宏觀投顧,2018,12,0.35,4.47
B00065,美盛投顧,2018,12,1.14,7.91
B00072,統一投顧,2018,12,0.21,394.81
B00075,華冠投顧,2018,12,3.15,27.41
B00076,兆豐投顧,2018,12,0.92,22.33
B00090,萬通投顧,2018,12,0.76,55.89
B00109,運達投顧,2018,12,0.78,50.01
B00112,豐銀投顧,2018,12,1.14,23.98
B00118,華南投顧,2018,12,0.18,0
B00121,大宇投顧,2018,12,0.9,272.89
B00122,群益投顧,2018,12,0.67,0
B00131,大展投顧,2018,12,0.06,11.43
B00133,倫元投顧,2018,12,0.85,30.21
B00149,霸菱投顧,2018,12,0.33,2.58
B00152,元富投顧,2018,12,0.26,14.75
B00157,大昌投顧,2018,12,0.12,10.01
B00159,亞東投顧,2018,12,0.07,11.75
B00162,全球投顧,2018,12,0.18,5.88
B00164,普羊投顧,2018,12,0.75,27.31
B00192,鼎燁投顧,2018,12,1.75,34.08
B00201,國票投顧,2018,12,0.5,12.4
B00225,承通投顧,2018,12,0.82,22.14
B00233,中租投顧,2018,12,0.14,4.9
B00246,國泰投顧,2018,12,1.12,4.61
B00251,玉山投顧,2018,12,0.46,0
B00252,瑞源投顧,2018,12,0,0
B00257,君安投顧,2018,12,1.51,134.44
B00268,永誠國際,2018,12,1.51,51.45
B00271,大華國際,2018,12,1,96.48
B00276,品豐投顧,2018,12,1.52,140.78
B00282,鉅亨投顧,2018,12,0.7,5.61
B00295,新光投顧,2018,12,0.35,0
B00299,鋒裕匯理,2018,12,0.54,1.58
B00303,首華投顧,2018,12,0.04,7.07
B00305,廣源投顧,2018,12,0.24,0
B00308,安山盛亞,2018,12,0,0
B00310,高欣投顧,2018,12,1.43,153.12
B00311,大來國際,2018,12,1.34,54.64
B00313,富盛投顧,2018,12,0.74,7.68
B00317,福邦投顧,2018,12,0.19,5.3
B00318,聚揚投顧,2018,12,1.39,62.62
B00319,法盛投顧,2018,12,0.65,4.94
B00320,容海投顧,2018,12,0.23,33.39
B00322,先進全球投顧,2018,12,0.08,0.77
B00324,桓宇投顧,2018,12,0.4,97.86
B00327,信誠環球,2018,12,1.86,97.45
B00328,百達投顧,2018,12,0.99,2.49
B00330,丹尼爾,2018,12,0.12,12.51
B00333,核聚投顧,2018,12,0.08,342.12
B00339,時間投顧,2018,12,0.05,0.64
B00340,中信投顧,2018,12,0.7,0
B00343,益高環球,2018,12,0.14,16.06
B00344,嘉實投顧,2018,12,0,0
B00347,集恩投顧,2018,12,0,0
B00348,商智投顧,2018,12,0,0
B00349,德信投顧,2018,12,0.06,14.01
B00350,機智投顧,2018,12,0,0
B00351,品浩太平洋,2018,12,,
B00352,亞太國際投顧,2018,12,,
B00353,瑞聯投顧,2018,12,,
B00354,鴻光投顧,2018,12,,
B00547,美好投顧,2018,12,0.14,12.41
M3000,証券,2018,12,0.07,1.04
OTC30,證券類,2018,12,0.05,1
T3000,證券上市櫃及金控旗下,2018,12,0.06,0.83
000020,遠智證券,2017,12,0.76,7.7
000022,富拉凱證券,2017,12,0.08,0
000025,基富通證券,2017,12,0.09,11.56
000102,合作金庫證券,2017,12,0.05,0.29
000104,臺銀證券,2017,12,0.07,0.29
000116,日盛證券,2017,12,0.08,0.95
000136,麥格理資本,2017,12,0.12,0.18
000138,台灣匯立證券,2017,12,0.22,0.28
000144,美林證券,2017,12,0.14,0.73
000147,台灣摩根士丹,2017,12,0.07,0.16
000148,美商高盛,2017,12,0.12,0.21
000152,瑞士信貸,2017,12,0.11,0.43
000153,德意志證券,2017,12,0.09,0.49
000156,港商野村,2017,12,0.2,0.55
000157,香港商法國興業證券,2017,12,0.04,0.93
000159,花旗環球證券,2017,12,0.48,2.52
000165,新加坡商瑞銀證券,2017,12,0.24,0.53
000218,亞東證券,2017,12,0.03,1.04
000511,富隆證券,2017,12,0.1,0.44
000532,高橋證券,2017,12,0.09,0.33
000538,第一金證,2017,12,0.09,0.62
000546,寶盛證券,2017,12,0.04,0.19
000560,永興證券,2017,12,0.14,0.8
000566,日進證券,2017,12,0.08,0.39
000586,盈溢證券,2017,12,0.04,0.44
000587,光隆證券,2017,12,0.09,0.71
000596,日茂證券,2017,12,0.08,0.48
000601,奔亞證券,2017,12,0.04,0.38
000611,台中銀證,2017,12,0.09,0.43
000616,中信證券,2017,12,0.06,0.82
000621,新百王證券,2017,12,0.06,0.15
000638,光和證券,2017,12,0.09,0.41
000645,永全證券,2017,12,0.08,0.4
000646,大昌證券,2017,12,0.12,0.72
000662,口袋證券,2017,12,0.04,0.38
000695,福勝證券,2017,12,0.09,0.41
000700,兆豐證券,2017,12,0.06,0.43
000702,信富資產管理,2017,12,0.07,0.39
000707,豐農證券,2017,12,0.08,0.37
000708,石橋證券,2017,12,0.11,0.55
000767,金港證券,2017,12,0.05,0.12
000775,北城證券,2017,12,0.1,0.3
000779,國票證券,2017,12,0.08,0.59
000815,台新證券,2017,12,0.07,0.45
000838,安泰證券,2017,12,0.11,0.4
000844,摩根大通,2017,12,0.08,0.4
000849,京城證券,2017,12,0.06,0.36
000852,中農證券,2017,12,0.07,0.41
000856,新光證券,2017,12,0.12,0.43
000871,陽信證券,2017,12,0.09,0.32
000877,大鼎證券,2017,12,0.11,0.48
000884,玉山證券,2017,12,0.11,0.65
000885,鑫豐證券,2017,12,0.08,0.18
000888,國泰證券,2017,12,0.11,0.72
000889,大和國泰,2017,12,0.09,0.7
000890,法銀巴黎證券,2017,12,0.22,0.61
000896,香港上海匯豐,2017,12,0.14,0.28
000930,華南永昌證券,2017,12,0.08,0.51
000960,富邦證券,2017,12,0.08,0.61
000980,元大證券,2017,12,0.06,0.91
0009A0,永豐金證券,2017,12,0.06,0.9
002011,愛德盟期貨,2017,12,0.16,21.58
002081,華大期貨,2017,12,0.07,0
010002,環華證金,2017,12,0.03,8.76
021011,國泰期貨,2017,12,0.04,93.28
021021,永豐期貨,2017,12,0.05,"3,872.21"
021041,凱基期貨,2017,12,0.07,7.15
021051,國票期貨,2017,12,0.1,0
021071,日盛期貨,2017,12,0.06,"75,935.33"
021141,華南期貨,2017,12,0.11,"2,416.67"
021301,兆豐期貨,2017,12,0.08,695.92
021341,澳帝華期貨,2017,12,0.53,"1,604.41"
021391,大昌期貨,2017,12,,
026000,富邦期貨,2017,12,0.03,99.29
2855,統一證,2017,12,0.08,0.84
2856,元富證,2017,12,0.05,0.54
5833,元大證金,2017,12,0.03,0
5864,致和證,2017,12,0.08,0.77
5866,統一期,2017,12,0.05,0
5867,康和期,2017,12,0.14,"1,197.38"
5869,元富期,2017,12,0.05,310.99
6005,群益證,2017,12,0.07,1.7
6008,凱基證,2017,12,0.08,0.93
6015,宏遠證,2017,12,0.09,0.66
6016,康和證,2017,12,0.09,0.96
6020,大展證,2017,12,0.08,2.86
6021,美好證,2017,12,0.08,0.47
6023,元大期,2017,12,0.05,15.77
6024,群益期,2017,12,0.09,124.86
6026,福邦證,2017,12,0.22,2.14
6027,德信,2017,12,0.12,0.63
B00001,日盛投顧,2017,12,0.34,10.89
B00007,富邦投顧,2017,12,0.38,11.03
B00011,元大投顧,2017,12,0.62,405.27
B00015,康和投顧,2017,12,0.28,3.77
B00018,台新投顧,2017,12,0.26,13.05
B00024,口袋投顧,2017,12,0.01,7.25
B00029,富蘭克林投顧,2017,12,1.31,10.24
B00033,第一金投顧,2017,12,0.53,11.47
B00034,萬寶投顧,2017,12,0.36,6.83
B00038,華信投顧,2017,12,0.62,23.74
B00041,禮正投顧,2017,12,0.13,0
B00044,宏遠投顧,2017,12,0.19,19.98
B00046,顧德投顧,2017,12,1.45,39.41
B00047,永豐投顧,2017,12,0.53,98.84
B00049,巴黎投顧,2017,12,0.74,1.85
B00051,啟發投顧,2017,12,0.45,169.78
B00053,亞洲投顧,2017,12,1.8,32.13
B00059,凱基投顧,2017,12,1.24,301.12
B00063,安睿宏觀投顧,2017,12,0.31,5.29
B00065,美盛投顧,2017,12,1.09,6.96
B00072,統一投顧,2017,12,0.23,242.73
B00075,華冠投顧,2017,12,3.69,56.33
B00076,兆豐投顧,2017,12,0.86,21.14
B00090,萬通投顧,2017,12,0.66,32.17
B00109,運達投顧,2017,12,0.73,39.74
B00112,豐銀投顧,2017,12,0.9,17.21
B00118,華南投顧,2017,12,0.18,0
B00121,大宇投顧,2017,12,1.87,0
B00122,群益投顧,2017,12,0.66,0
B00131,大展投顧,2017,12,0.06,11.46
B00133,倫元投顧,2017,12,0.85,18.78
B00149,霸菱投顧,2017,12,0.27,3.79
B00152,元富投顧,2017,12,0.25,13.15
B00157,大昌投顧,2017,12,0.12,10.58
B00159,亞東投顧,2017,12,0.07,11.41
B00162,全球投顧,2017,12,0.24,5.97
B00164,普羊投顧,2017,12,0.71,27.3
B00192,鼎燁投顧,2017,12,2.69,58.07
B00201,國票投顧,2017,12,0.52,13.46
B00225,承通投顧,2017,12,0.6,18.81
B00233,中租投顧,2017,12,0.13,4.38
B00246,國泰投顧,2017,12,0.93,4.2
B00251,玉山投顧,2017,12,0.46,0
B00252,瑞源投顧,2017,12,0,0
B00257,君安投顧,2017,12,0.12,6.8
B00268,永誠國際,2017,12,1.55,64.97
B00271,大華國際,2017,12,0.91,106.91
B00276,品豐投顧,2017,12,0.59,568.6
B00282,鉅亨投顧,2017,12,0.39,7.76
B00286,瑞資投顧,2017,12,0.8,6.02
B00295,新光投顧,2017,12,0.35,0
B00299,鋒裕匯理,2017,12,0.82,4.27
B00303,首華投顧,2017,12,0.03,6.38
B00305,廣源投顧,2017,12,0.26,0
B00308,安山盛亞,2017,12,0,0
B00310,高欣投顧,2017,12,1.5,325.5
B00311,大來國際,2017,12,1.23,55.59
B00312,安本投顧,2017,12,1.06,11.86
B00313,富盛投顧,2017,12,0.6,13.31
B00317,福邦投顧,2017,12,0.43,8.95
B00318,聚揚投顧,2017,12,1.35,74.19
B00319,法盛投顧,2017,12,0.6,4.42
B00320,容海投顧,2017,12,0.42,36.28
B00322,先進全球投顧,2017,12,0.1,1
B00324,桓宇投顧,2017,12,0.31,80.11
B00327,信誠環球,2017,12,1.82,48.68
B00328,百達投顧,2017,12,1.05,2.69
B00330,丹尼爾,2017,12,0.15,12.97
B00333,核聚投顧,2017,12,0.01,22.19
B00334,天利投顧,2017,12,0.91,1.95
B00337,東方匯理投顧,2017,12,0.44,3.94
B00339,時間投顧,2017,12,0.09,1.03
B00340,中信投顧,2017,12,0.96,0
B00343,益高環球,2017,12,0.26,79.19
B00344,嘉實投顧,2017,12,0,0
B00347,集恩投顧,2017,12,,
B00348,商智投顧,2017,12,,
B00349,德信投顧,2017,12,,
B00350,機智投顧,2017,12,,
B00547,美好投顧,2017,12,0.22,13.46
M3000,証券,2017,12,0.07,1.04
OTC30,證券類,2017,12,0.07,1.28
T3000,證券上市櫃及金控旗下,2017,12,0.07,0.9
000020,遠智證券,2016,12,0.79,7.33
000022,富拉凱證券,2016,12,0.22,0
000025,基富通證券,2016,12,0.01,22.13
000102,合作金庫證券,2016,12,0.05,0.32
000104,臺銀證券,2016,12,0.05,0.26
000116,日盛證券,2016,12,0.07,1.1
000136,麥格理資本,2016,12,0.08,0.11
000138,台灣匯立證券,2016,12,0.27,0.37
000144,美林證券,2016,12,0.13,0.64
000147,台灣摩根士丹,2016,12,0.08,0.2
000148,美商高盛,2016,12,0.22,0.41
000152,瑞士信貸,2016,12,0.13,0.55
000153,德意志證券,2016,12,0.09,0.63
000156,港商野村,2016,12,0.16,0.29
000157,香港商法國興業證券,2016,12,0.04,0.77
000159,花旗環球證券,2016,12,0.54,3.88
000165,新加坡商瑞銀證券,2016,12,0.26,0.88
000166,香港聯昌證券,2016,12,0.12,0.21
000218,亞東證券,2016,12,0.01,0.59
000230,花旗證券,2016,12,0.9,11.65
000511,富隆證券,2016,12,0.04,0.33
000532,高橋證券,2016,12,0.07,0.36
000538,第一金證,2016,12,0.06,0.57
000546,寶盛證券,2016,12,0.03,0.74
000560,永興證券,2016,12,0.1,0.8
000566,日進證券,2016,12,0.06,0.45
000586,盈溢證券,2016,12,0.03,0.6
000587,光隆證券,2016,12,0.06,0.72
000596,日茂證券,2016,12,0.07,0.52
000601,奔亞證券,2016,12,0.01,0.08
000611,台中銀證,2016,12,0.08,0.49
000616,中信證券,2016,12,0.06,0.97
000621,新百王證券,2016,12,0.06,0.23
000638,光和證券,2016,12,0.08,0.46
000645,永全證券,2016,12,0.07,0.47
000646,大昌證券,2016,12,0.11,0.96
000662,口袋證券,2016,12,0.04,0.36
000695,福勝證券,2016,12,0.08,0.53
000700,兆豐證券,2016,12,0.05,0.51
000702,信富資產管理,2016,12,0.05,0.42
000707,豐農證券,2016,12,0.04,0.42
000708,石橋證券,2016,12,0.08,0.52
000767,金港證券,2016,12,0.04,0.11
000775,北城證券,2016,12,0.09,0.42
000779,國票證券,2016,12,0.06,0.6
000790,豐德證券,2016,12,0.04,0.25
000815,台新證券,2016,12,0.08,0.72
000838,安泰證券,2016,12,0.07,0.4
000844,摩根大通,2016,12,0.07,0.6
000849,京城證券,2016,12,0.04,0.44
000852,中農證券,2016,12,0.04,0.46
000856,新光證券,2016,12,0.11,0.49
000866,萬通投資,2016,12,0.02,0.48
000871,陽信證券,2016,12,0.84,3.16
000877,大鼎證券,2016,12,0.05,0.21
000884,玉山證券,2016,12,0.09,0.63
000885,鑫豐證券,2016,12,0.07,0.2
000888,國泰證券,2016,12,0.1,0.82
000889,大和國泰,2016,12,0.06,0.37
000890,法銀巴黎證券,2016,12,0.29,0.9
000896,香港上海匯豐,2016,12,0.17,0.55
000930,華南永昌證券,2016,12,0.07,0.5
000960,富邦證券,2016,12,0.07,0.8
000980,元大證券,2016,12,0.05,0.97
0009A0,永豐金證券,2016,12,0.06,0.75
002011,愛德盟期貨,2016,12,0.19,17.52
002081,華大期貨,2016,12,0.08,0
010002,環華證金,2016,12,0.03,5.95
021011,國泰期貨,2016,12,0.04,101.83
021021,永豐期貨,2016,12,0.05,"1,213.72"
021041,凱基期貨,2016,12,0.08,8.23
021051,國票期貨,2016,12,0.11,0
021071,日盛期貨,2016,12,0.06,"13,444.08"
021141,華南期貨,2016,12,0.11,"2,712.06"
021301,兆豐期貨,2016,12,0.1,632.99
026000,富邦期貨,2016,12,0.04,97.7
2855,統一證,2016,12,0.06,0.78
2856,元富證,2016,12,0.04,0.5
5833,元大證金,2016,12,0.03,0
5864,致和證,2016,12,0.09,1.34
5866,統一期,2016,12,0.07,0
5867,康和期,2016,12,0.14,794.44
5869,元富期,2016,12,0.06,399.88
6005,群益證,2016,12,0.06,1.41
6008,凱基證,2016,12,0.06,0.75
6015,宏遠證,2016,12,0.05,0.47
6016,康和證,2016,12,0.05,0.72
6020,大展證,2016,12,0.03,0.99
6021,美好證,2016,12,0.05,0.38
6022,大眾證,2016,12,0.05,0.67
6023,元大期,2016,12,0.05,15.02
6024,群益期,2016,12,0.09,142.88
6026,福邦證,2016,12,0.11,1.11
6027,德信,2016,12,0.06,0.36
B00001,日盛投顧,2016,12,0.37,11.42
B00007,富邦投顧,2016,12,0.37,10.91
B00011,元大投顧,2016,12,0.5,296.78
B00015,康和投顧,2016,12,0.26,4.26
B00018,台新投顧,2016,12,0.23,12.55
B00029,富蘭克林投顧,2016,12,0.66,873.85
B00033,第一金投顧,2016,12,0.53,10.86
B00038,華信投顧,2016,12,0.8,28.54
B00041,禮正投顧,2016,12,0.17,0
B00044,宏遠投顧,2016,12,0.14,21.17
B00046,顧德投顧,2016,12,1.25,23.96
B00047,永豐投顧,2016,12,0.55,89.06
B00051,啟發投顧,2016,12,0.26,121.77
B00063,安睿宏觀投顧,2016,12,0.27,6.17
B00065,美盛投顧,2016,12,,
B00072,統一投顧,2016,12,0.27,296.8
B00076,兆豐投顧,2016,12,0.91,11.37
B00090,萬通投顧,2016,12,0.65,29.53
B00112,豐銀投顧,2016,12,1.11,30.76
B00118,華南投顧,2016,12,0.18,0
B00121,大宇投顧,2016,12,0.8,0
B00122,群益投顧,2016,12,0.67,0
B00131,大展投顧,2016,12,0.07,12.14
B00133,倫元投顧,2016,12,0.58,14.43
B00149,霸菱投顧,2016,12,0.37,3.86
B00159,亞東投顧,2016,12,0.08,15.83
B00162,全球投顧,2016,12,0.18,1.82
B00164,普羊投顧,2016,12,0.62,27.3
B00192,鼎燁投顧,2016,12,1.85,45.1
B00201,國票投顧,2016,12,0.5,13.2
B00225,承通投顧,2016,12,0.76,29.27
B00233,中租投顧,2016,12,0.25,5.42
B00246,國泰投顧,2016,12,0.93,4.33
B00251,玉山投顧,2016,12,0.46,0
B00252,瑞源投顧,2016,12,0,0
B00257,君安投顧,2016,12,0.08,"2,198.33"
B00268,永誠國際,2016,12,1.49,46.06
B00271,大華國際,2016,12,0.72,55.64
B00276,品豐投顧,2016,12,0.66,24.65
B00282,鉅亨投顧,2016,12,0.09,7.29
B00286,瑞資投顧,2016,12,1.78,9.73
B00295,新光投顧,2016,12,0.33,0
B00299,鋒裕匯理,2016,12,0.59,3.32
B00303,首華投顧,2016,12,0.03,10.36
B00305,廣源投顧,2016,12,0.17,0
B00308,安山盛亞,2016,12,0,0
B00310,高欣投顧,2016,12,0.84,239.52
B00311,大來國際,2016,12,,
B00312,安本投顧,2016,12,1.06,10.85
B00317,福邦投顧,2016,12,0.26,25.55
B00318,聚揚投顧,2016,12,1.07,58.56
B00319,法盛投顧,2016,12,0.7,10.47
B00320,容海投顧,2016,12,0.28,17.93
B00322,先進全球投顧,2016,12,0.13,1.2
B00324,桓宇投顧,2016,12,0.2,78.09
B00327,信誠環球,2016,12,1.01,19.9
B00330,丹尼爾,2016,12,0.08,13.31
B00333,核聚投顧,2016,12,0.01,0.26
B00334,天利投顧,2016,12,1.37,3.1
B00337,東方匯理投顧,2016,12,0.35,3.46
B00339,時間投顧,2016,12,0.12,3.15
B00343,益高環球,2016,12,,
B00344,嘉實投顧,2016,12,,
B00547,美好投顧,2016,12,0.42,14.38
M3000,証券,2016,12,0.05,0.82
OTC30,證券類,2016,12,0.06,1.53
T3000,證券上市櫃及金控旗下,2016,12,0.06,0.88
000016,富達證券,2015,12,0.74,201.11
000018,東亞證券,2015,12,0.25,0.53
000020,遠智證券,2015,12,0.61,7.36
000022,富拉凱證券,2015,12,0.03,20.77
000025,基富通證券,2015,12,,
000102,合作金庫證券,2015,12,0.06,0.31
000104,臺銀證券,2015,12,0.05,0.24
000109,駿騰新世紀,2015,12,0.06,0.54
000116,日盛證券,2015,12,0.08,0.95
000136,麥格理資本,2015,12,0.1,0.14
000138,台灣匯立證券,2015,12,0.37,0.63
000144,美林證券,2015,12,0.16,0.76
000147,台灣摩根士丹,2015,12,0.11,0.46
000148,美商高盛,2015,12,0.19,0.38
000152,瑞士信貸,2015,12,0.17,0.69
000153,德意志證券,2015,12,0.13,0.89
000156,港商野村,2015,12,0.14,0.25
000157,香港商法國興業證券,2015,12,0.09,0.82
000159,花旗環球證券,2015,12,0.21,1.25
000165,新加坡商瑞銀證券,2015,12,0.27,0.84
000166,香港聯昌證券,2015,12,0.21,0.9
000218,亞東證券,2015,12,0,0.18
000230,花旗證券,2015,12,0.08,0.99
000511,富隆證券,2015,12,0.06,0.55
000532,高橋證券,2015,12,0.08,0.39
000538,第一金證,2015,12,0.08,0.66
000546,寶盛證券,2015,12,0.03,0.63
000560,永興證券,2015,12,0.11,0.68
000566,日進證券,2015,12,0.07,0.54
000586,盈溢證券,2015,12,0.04,0.74
000587,光隆證券,2015,12,0.07,0.75
000596,日茂證券,2015,12,0.08,0.53
000601,奔亞證券,2015,12,0.03,0.32
000611,台中銀證,2015,12,0.07,0.41
000616,中信證券,2015,12,0.07,1.33
000621,新百王證券,2015,12,0.06,0.21
000638,光和證券,2015,12,0.08,0.47
000645,永全證券,2015,12,0.08,0.48
000646,大昌證券,2015,12,0.13,1.13
000662,口袋證券,2015,12,0.05,0.33
000695,福勝證券,2015,12,0.08,0.51
000700,兆豐證券,2015,12,0.06,0.58
000702,信富資產管理,2015,12,0.05,0.46
000707,豐農證券,2015,12,0.04,0.42
000708,石橋證券,2015,12,0.09,0.58
000712,台安證券,2015,12,0.04,0.34
000767,金港證券,2015,12,0.05,0.11
000775,北城證券,2015,12,0.08,0.44
000779,國票證券,2015,12,0.07,0.63
000790,豐德證券,2015,12,0.05,0.32
000815,台新證券,2015,12,0.07,0.59
000838,安泰證券,2015,12,0.08,0.43
000844,摩根大通,2015,12,0.07,0.62
000849,京城證券,2015,12,0.05,0.46
000852,中農證券,2015,12,0.05,0.43
000856,新光證券,2015,12,0.11,0.53
000866,萬通投資,2015,12,0.03,0.61
000871,陽信證券,2015,12,0.69,3.29
000877,大鼎證券,2015,12,0.07,0.44
000884,玉山證券,2015,12,0.11,0.84
000885,鑫豐證券,2015,12,0.07,0.18
000888,國泰證券,2015,12,0.11,0.85
000889,大和國泰,2015,12,0.05,0.24
000890,法銀巴黎證券,2015,12,0.44,4.31
000891,巴克萊,2015,12,0.3,1.49
000896,香港上海匯豐,2015,12,0.3,2.26
000930,華南永昌證券,2015,12,0.08,0.54
000960,富邦證券,2015,12,0.09,0.85
000980,元大證券,2015,12,0.06,1.07
0009A0,永豐金證券,2015,12,0.06,0.78
002011,愛德盟期貨,2015,12,0.24,21.22
002081,華大期貨,2015,12,0.06,0
010002,環華證金,2015,12,0.03,5.76
021011,國泰期貨,2015,12,0.04,85.73
021021,永豐期貨,2015,12,0.08,"1,272.41"
021041,凱基期貨,2015,12,0.11,15.09
021051,國票期貨,2015,12,0.11,0
021071,日盛期貨,2015,12,0.08,"7,665.64"
021141,華南期貨,2015,12,0.11,"3,364.60"
021301,兆豐期貨,2015,12,0.12,198.1
026000,富邦期貨,2015,12,0.05,108.9
2855,統一證,2015,12,0.07,0.74
2856,元富證,2015,12,0.07,0.75
5833,元大證金,2015,12,0.03,0
5864,致和證,2015,12,0.06,0.63
5866,統一期,2015,12,0.09,0
5867,康和期,2015,12,0.18,755.45
5869,元富期,2015,12,0.08,354.08
6005,群益證,2015,12,0.07,1.12
6008,凱基證,2015,12,0.06,0.81
6015,宏遠證,2015,12,0.04,0.31
6016,康和證,2015,12,0.07,0.85
6020,大展證,2015,12,0.02,0.52
6021,美好證,2015,12,0.05,0.4
6022,大眾證,2015,12,0.07,0.74
6023,元大期,2015,12,0.06,114.75
6024,群益期,2015,12,0.09,145.35
6026,福邦證,2015,12,0.08,0.41
6027,德信,2015,12,0.07,0.39
B00001,日盛投顧,2015,12,0.37,7.99
B00007,富邦投顧,2015,12,0.39,11.48
B00011,元大投顧,2015,12,0.54,332.17
B00015,康和投顧,2015,12,0.24,3.99
B00018,台新投顧,2015,12,0.23,11.9
B00029,富蘭克林投顧,2015,12,0.75,"1,537.53"
B00033,第一金投顧,2015,12,0.71,13.29
B00038,華信投顧,2015,12,0.77,56.75
B00041,禮正投顧,2015,12,0.18,0
B00044,宏遠投顧,2015,12,0.18,53.73
B00046,顧德投顧,2015,12,1.25,25.23
B00047,永豐投顧,2015,12,0.56,71.02
B00051,啟發投顧,2015,12,0.31,40.98
B00063,安睿宏觀投顧,2015,12,0.2,6.64
B00072,統一投顧,2015,12,0.25,614.99
B00076,兆豐投顧,2015,12,1.04,11.55
B00090,萬通投顧,2015,12,0.77,22.17
B00112,豐銀投顧,2015,12,1.33,63.03
B00118,華南投顧,2015,12,0.18,35.86
B00121,大宇投顧,2015,12,1.21,0
B00122,群益投顧,2015,12,0.68,0
B00131,大展投顧,2015,12,0.06,11.75
B00133,倫元投顧,2015,12,0.7,13.91
B00149,霸菱投顧,2015,12,0.7,4.5
B00159,亞東投顧,2015,12,0.11,18.66
B00162,全球投顧,2015,12,0.31,3.21
B00164,普羊投顧,2015,12,0.82,33.85
B00192,鼎燁投顧,2015,12,1.67,73.61
B00201,國票投顧,2015,12,0.49,11.67
B00225,承通投顧,2015,12,1.01,55.11
B00233,中租投顧,2015,12,0.24,3.1
B00246,國泰投顧,2015,12,0.89,3.78
B00251,玉山投顧,2015,12,0.47,0
B00252,瑞源投顧,2015,12,0.02,0
B00257,君安投顧,2015,12,0.23,58.86
B00268,永誠國際,2015,12,1.53,39.6
B00271,大華國際,2015,12,0.59,51.48
B00276,品豐投顧,2015,12,1.1,22.43
B00282,鉅亨投顧,2015,12,0.04,9.48
B00286,瑞資投顧,2015,12,2.47,10.64
B00295,新光投顧,2015,12,0.34,0
B00299,鋒裕匯理,2015,12,0.82,3.66
B00303,首華投顧,2015,12,0.08,14.45
B00305,廣源投顧,2015,12,0.31,0
B00308,安山盛亞,2015,12,0.05,0.72
B00310,高欣投顧,2015,12,0.83,0
B00312,安本投顧,2015,12,1.14,11.5
B00317,福邦投顧,2015,12,0.22,112.12
B00318,聚揚投顧,2015,12,1.68,163.82
B00319,法盛投顧,2015,12,0.64,8.26
B00320,容海投顧,2015,12,0.31,13.95
B00322,先進全球投顧,2015,12,0.14,1.21
B00324,桓宇投顧,2015,12,0.15,73.94
B00327,信誠環球,2015,12,0,0
B00330,丹尼爾,2015,12,0.07,0
B00333,核聚投顧,2015,12,0.58,4.94
B00334,天利投顧,2015,12,1.24,3.17
B00337,東方匯理投顧,2015,12,0.42,3.1
B00339,時間投顧,2015,12,0.01,0
B00547,美好投顧,2015,12,,
M3000,証券,2015,12,0.07,0.85
OTC30,證券類,2015,12,0.06,1.29
T3000,證券上市櫃及金控旗下,2015,12,0.07,0.89
000016,富達證券,2014,12,0.74,157.83
000018,東亞證券,2014,12,0.25,0.62
000020,遠智證券,2014,12,0.68,10.08
000022,富拉凱證券,2014,12,0,4.19
000102,合作金庫證券,2014,12,0.06,0.19
000104,臺銀證券,2014,12,0.06,0.26
000109,駿騰新世紀,2014,12,0.07,0.7
000116,日盛證券,2014,12,0.1,0.74
000136,麥格理資本,2014,12,0.1,0.14
000138,台灣匯立證券,2014,12,0.41,0.78
000144,美林證券,2014,12,0.15,0.81
000147,台灣摩根士丹,2014,12,0.06,0.18
000148,美商高盛,2014,12,0.2,0.48
000152,瑞士信貸,2014,12,0.15,0.62
000153,德意志證券,2014,12,0.14,0.56
000156,港商野村,2014,12,0.17,0.4
000157,香港商法國興業證券,2014,12,0.2,1.08
000159,花旗環球證券,2014,12,0.18,0.81
000165,新加坡商瑞銀證券,2014,12,0.26,0.55
000166,香港聯昌證券,2014,12,0.12,0.83
000218,亞東證券,2014,12,0.05,1.61
000230,花旗證券,2014,12,0.03,2.12
000511,富隆證券,2014,12,0.07,0.52
000532,高橋證券,2014,12,0.09,0.33
000538,第一金證,2014,12,0.08,0.51
000546,寶盛證券,2014,12,0.04,0.48
000560,永興證券,2014,12,0.13,0.67
000566,日進證券,2014,12,0.08,0.45
000586,盈溢證券,2014,12,0.05,0.43
000587,光隆證券,2014,12,0.08,0.57
000596,日茂證券,2014,12,0.08,0.42
000601,奔亞證券,2014,12,0.03,0.28
000611,台中銀證,2014,12,0.06,0.36
000616,中信證券,2014,12,0.08,0.87
000621,新百王證券,2014,12,0.05,0.18
000638,光和證券,2014,12,0.08,0.32
000645,永全證券,2014,12,0.08,0.39
000646,大昌證券,2014,12,0.12,0.76
000662,口袋證券,2014,12,0.06,0.34
000695,福勝證券,2014,12,0.09,0.38
000700,兆豐證券,2014,12,0.07,0.55
000702,信富資產管理,2014,12,0.06,0.32
000707,豐農證券,2014,12,0.06,0.41
000708,石橋證券,2014,12,0.11,0.48
000712,台安證券,2014,12,0.06,0.34
000767,金港證券,2014,12,0.05,0.1
000775,北城證券,2014,12,0.08,0.4
000778,富星資產管理,2014,12,0.09,0.32
000779,國票證券,2014,12,0.07,0.47
000790,豐德證券,2014,12,0.05,0.33
000815,台新證券,2014,12,0.14,1.03
000838,安泰證券,2014,12,0.09,0.37
000844,摩根大通,2014,12,0.07,0.74
000849,京城證券,2014,12,0.05,0.33
000852,中農證券,2014,12,0.06,0.35
000856,新光證券,2014,12,0.11,0.38
000866,萬通投資,2014,12,0.03,0.37
000871,陽信證券,2014,12,0.5,1.93
000877,大鼎證券,2014,12,0.08,0.51
000884,玉山證券,2014,12,0.12,0.69
000885,鑫豐證券,2014,12,0.08,0.17
000888,國泰證券,2014,12,0.09,0.53
000889,大和國泰,2014,12,0.06,0.24
000890,法銀巴黎證券,2014,12,0.16,0.84
000891,巴克萊,2014,12,0.2,0.67
000896,香港上海匯豐,2014,12,0.26,1.2
000930,華南永昌證券,2014,12,0.09,0.58
000960,富邦證券,2014,12,0.1,0.67
000980,元大證券,2014,12,0.07,0.83
0009A0,永豐金證券,2014,12,0.08,0.87
002011,愛德盟期貨,2014,12,0.19,17.57
002081,華大期貨,2014,12,0.05,0
010002,環華證金,2014,12,0.03,2.21
021011,國泰期貨,2014,12,0.04,124.7
021021,永豐期貨,2014,12,0.08,"3,084.72"
021041,凱基期貨,2014,12,0.1,41.34
021051,國票期貨,2014,12,0.1,0
021071,日盛期貨,2014,12,0.07,"8,227.83"
021141,華南期貨,2014,12,0.09,"2,423.59"
021301,兆豐期貨,2014,12,0.11,194.74
026000,富邦期貨,2014,12,0.05,121.67
2855,統一證,2014,12,0.08,0.68
2856,元富證,2014,12,0.07,0.56
5833,元大證金,2014,12,0.04,0
5864,致和證,2014,12,0.04,0.26
5866,統一期,2014,12,0.08,0
5867,康和期,2014,12,0.14,531.8
5869,元富期,2014,12,0.07,320.93
6005,群益證,2014,12,0.08,0.94
6008,凱基證,2014,12,0.06,0.61
6015,宏遠證,2014,12,0.08,0.55
6016,康和證,2014,12,0.06,0.57
6020,大展證,2014,12,0.06,1.19
6021,美好證,2014,12,0.06,0.42
6022,大眾證,2014,12,0.07,0.6
6023,元大期,2014,12,0.06,219.23
6024,群益期,2014,12,0.08,"1,094.57"
6026,福邦證,2014,12,0.14,0.52
6027,德信,2014,12,0.13,0.54
B00001,日盛投顧,2014,12,0.37,5.59
B00007,富邦投顧,2014,12,0.37,7.87
B00011,元大投顧,2014,12,0.51,480.12
B00015,康和投顧,2014,12,0.28,4.37
B00018,台新投顧,2014,12,0.25,12.31
B00029,富蘭克林投顧,2014,12,0.96,503.69
B00033,第一金投顧,2014,12,0.86,12.4
B00038,華信投顧,2014,12,0.79,28.42
B00041,禮正投顧,2014,12,0.36,0
B00044,宏遠投顧,2014,12,0.19,74.51
B00046,顧德投顧,2014,12,1.26,20.78
B00047,永豐投顧,2014,12,0.57,60.06
B00051,啟發投顧,2014,12,0.39,27.06
B00063,安睿宏觀投顧,2014,12,0.13,5.33
B00072,統一投顧,2014,12,0.27,43.27
B00076,兆豐投顧,2014,12,0.95,11.03
B00090,萬通投顧,2014,12,0.31,14.07
B00112,豐銀投顧,2014,12,0.17,58.67
B00118,華南投顧,2014,12,0.19,17.95
B00121,大宇投顧,2014,12,1.59,166.54
B00122,群益投顧,2014,12,0.71,0
B00131,大展投顧,2014,12,0.06,11.53
B00133,倫元投顧,2014,12,0.75,14.53
B00149,霸菱投顧,2014,12,0.64,3.88
B00159,亞東投顧,2014,12,0.12,17.81
B00162,全球投顧,2014,12,0.16,13.25
B00164,普羊投顧,2014,12,0.95,32.88
B00192,鼎燁投顧,2014,12,1.53,39.89
B00201,國票投顧,2014,12,0.49,11.5
B00225,承通投顧,2014,12,1.11,55.13
B00233,中租投顧,2014,12,0.32,4.2
B00246,國泰投顧,2014,12,0.91,3.81
B00251,玉山投顧,2014,12,0.44,0
B00252,瑞源投顧,2014,12,0.82,75.78
B00257,君安投顧,2014,12,0.84,55.71
B00268,永誠國際,2014,12,1.38,48.19
B00271,大華國際,2014,12,0.96,80.76
B00276,品豐投顧,2014,12,2.14,37.89
B00282,鉅亨投顧,2014,12,0.02,7.09
B00286,瑞資投顧,2014,12,2.38,11.39
B00295,新光投顧,2014,12,0.37,0
B00299,鋒裕匯理,2014,12,0.92,4.2
B00303,首華投顧,2014,12,0.23,3.46
B00305,廣源投顧,2014,12,0.2,"2,190.50"
B00308,安山盛亞,2014,12,0.11,1.28
B00310,高欣投顧,2014,12,0.41,0
B00312,安本投顧,2014,12,1.18,11.37
B00317,福邦投顧,2014,12,0.24,123.13
B00318,聚揚投顧,2014,12,1.57,129.69
B00319,法盛投顧,2014,12,0.95,7.67
B00320,容海投顧,2014,12,0.3,14.43
B00322,先進全球投顧,2014,12,0.14,2.02
B00324,桓宇投顧,2014,12,0.11,4.17
B00327,信誠環球,2014,12,0.03,0
B00330,丹尼爾,2014,12,0.1,13.48
B00333,核聚投顧,2014,12,0.36,6.85
B00334,天利投顧,2014,12,0.7,1.44
B00337,東方匯理投顧,2014,12,0.65,2.94
B00339,時間投顧,2014,12,,
M3000,証券,2014,12,0.08,0.71
OTC30,證券類,2014,12,0.07,0.93
T3000,證券上市櫃及金控旗下,2014,12,0.08,0.76
000016,富達證券,2013,12,0.65,155.31
000018,東亞證券,2013,12,0.16,0.34
000019,摩根證券,2013,12,1.1,3.65
000020,遠智證券,2013,12,0.63,8.47
000022,富拉凱證券,2013,12,,
000102,合作金庫證券,2013,12,0.06,0.2
000104,臺銀證券,2013,12,0.06,0.24
000109,駿騰新世紀,2013,12,0.03,0.21
000116,日盛證券,2013,12,0.08,0.64
000136,麥格理資本,2013,12,0.12,0.19
000138,台灣匯立證券,2013,12,,
000144,美林證券,2013,12,0.17,0.75
000147,台灣摩根士丹,2013,12,0.07,0.22
000148,美商高盛,2013,12,0.17,0.48
000152,瑞士信貸,2013,12,0.14,0.6
000153,德意志證券,2013,12,0.12,0.41
000154,雷曼兄弟證券,2013,12,0,0
000156,港商野村,2013,12,0.16,0.45
000157,香港商法國興業證券,2013,12,0.16,1.08
000159,花旗環球證券,2013,12,0.11,0.28
000165,新加坡商瑞銀證券,2013,12,0.2,0.36
000166,香港聯昌證券,2013,12,,
000218,亞東證券,2013,12,0.05,1.58
000230,花旗證券,2013,12,0.03,7.73
000511,富隆證券,2013,12,0.07,0.42
000532,高橋證券,2013,12,0.08,0.25
000538,第一金證,2013,12,0.08,0.46
000546,寶盛證券,2013,12,0.04,0.37
000560,永興證券,2013,12,0.11,0.57
000566,日進證券,2013,12,0.07,0.4
000569,豐興證券,2013,12,0.05,0.26
000586,盈溢證券,2013,12,0.04,0.35
000587,光隆證券,2013,12,0.06,0.43
000596,日茂證券,2013,12,0.07,0.36
000601,奔亞證券,2013,12,0.02,0.25
000611,台中銀證,2013,12,,
000616,中信證券,2013,12,0.09,0.82
000621,新百王證券,2013,12,0.04,0.19
000638,光和證券,2013,12,0.08,0.27
000645,永全證券,2013,12,0.07,0.32
000646,大昌證券,2013,12,0.1,0.59
000662,口袋證券,2013,12,0.05,0.29
000695,福勝證券,2013,12,0.07,0.3
000700,兆豐證券,2013,12,0.06,0.47
000702,信富資產管理,2013,12,0.06,0.25
000707,豐農證券,2013,12,0.05,0.33
000708,石橋證券,2013,12,0.1,0.45
000712,台安證券,2013,12,0.05,0.23
000767,金港證券,2013,12,0.04,0.08
000775,北城證券,2013,12,0.05,0.25
000778,富星資產管理,2013,12,0.08,0.27
000779,國票證券,2013,12,0.07,0.38
000790,豐德證券,2013,12,0.04,0.25
000815,台新證券,2013,12,0.2,1.41
000838,安泰證券,2013,12,0.08,0.32
000844,摩根大通,2013,12,0.09,0.57
000849,京城證券,2013,12,0.04,0.26
000852,中農證券,2013,12,0.05,0.28
000856,新光證券,2013,12,0.09,0.3
000866,萬通投資,2013,12,0.03,0.3
000871,陽信證券,2013,12,0.46,1.46
000877,大鼎證券,2013,12,0.05,0.31
000884,玉山證券,2013,12,0.11,0.56
000885,鑫豐證券,2013,12,0.08,0.2
000888,國泰證券,2013,12,0.08,0.59
000889,大和國泰,2013,12,0.05,0.25
000890,法銀巴黎證券,2013,12,0.23,0.83
000891,巴克萊,2013,12,0.16,0.54
000896,香港上海匯豐,2013,12,0.19,0.52
000930,華南永昌證券,2013,12,0.08,0.53
000960,富邦證券,2013,12,0.11,0.64
000980,元大證券,2013,12,0.07,0.57
0009A0,永豐金證券,2013,12,0.07,0.73
002011,愛德盟期貨,2013,12,0.21,20.37
002081,華大期貨,2013,12,0.07,0
010002,環華證金,2013,12,0.03,2.73
021011,國泰期貨,2013,12,0.04,365.72
021021,永豐期貨,2013,12,0.07,75.38
021041,凱基期貨,2013,12,0.08,29.9
021051,國票期貨,2013,12,0.1,0
021071,日盛期貨,2013,12,0.06,"2,298.90"
021141,華南期貨,2013,12,0.08,"2,113.84"
021301,兆豐期貨,2013,12,0.09,"23,091.53"
026000,富邦期貨,2013,12,0.06,122.43
2855,統一證,2013,12,0.08,0.66
2856,元富證,2013,12,0.06,0.4
30769,金興證券,2013,12,0.04,0.14
5833,元大證金,2013,12,0.04,0
5864,致和證,2013,12,0.05,0.31
5866,統一期,2013,12,0.08,0
5867,康和期,2013,12,0.12,439.38
5869,元富期,2013,12,0.07,295.02
6005,群益證,2013,12,0.08,0.91
6008,凱基證,2013,12,0.06,0.59
6015,宏遠證,2013,12,0.08,0.56
6016,康和證,2013,12,0.06,0.52
6020,大展證,2013,12,0.1,2.29
6021,美好證,2013,12,0.08,0.48
6022,大眾證,2013,12,0.06,0.55
6023,元大期,2013,12,0.06,213.57
6024,群益期,2013,12,0.1,784.51
6026,福邦證,2013,12,0.1,0.55
6027,德信,2013,12,0.12,0.51
B00001,日盛投顧,2013,12,0.42,7.6
B00007,富邦投顧,2013,12,0.36,5.46
B00011,元大投顧,2013,12,0.53,412.83
B00015,康和投顧,2013,12,0.24,4.15
B00018,台新投顧,2013,12,0.26,12.63
B00029,富蘭克林投顧,2013,12,0.91,357.49
B00033,第一金投顧,2013,12,0.89,10.89
B00038,華信投顧,2013,12,0.86,23.85
B00041,禮正投顧,2013,12,0.24,0
B00044,宏遠投顧,2013,12,0.21,37.25
B00046,顧德投顧,2013,12,1.76,27.06
B00047,永豐投顧,2013,12,0.54,69.32
B00051,啟發投顧,2013,12,0.45,39.78
B00063,安睿宏觀投顧,2013,12,0.11,5.37
B00072,統一投顧,2013,12,0.24,19.04
B00076,兆豐投顧,2013,12,0.97,12
B00090,萬通投顧,2013,12,0.02,0
B00112,豐銀投顧,2013,12,0.06,69.42
B00118,華南投顧,2013,12,0.19,17.94
B00121,大宇投顧,2013,12,2.12,65.86
B00122,群益投顧,2013,12,0.77,0
B00131,大展投顧,2013,12,0.06,11.32
B00133,倫元投顧,2013,12,0.8,21.14
B00149,霸菱投顧,2013,12,0.69,5.22
B00159,亞東投顧,2013,12,0.11,17.94
B00162,全球投顧,2013,12,0.15,15.01
B00164,普羊投顧,2013,12,1.06,32.6
B00192,鼎燁投顧,2013,12,1.17,26.7
B00201,國票投顧,2013,12,0.5,13.17
B00225,承通投顧,2013,12,0.76,14.56
B00233,中租投顧,2013,12,0.5,10.63
B00246,國泰投顧,2013,12,1.1,4.63
B00251,玉山投顧,2013,12,0.45,0
B00252,瑞源投顧,2013,12,0.37,36.82
B00257,君安投顧,2013,12,0.61,43.31
B00268,永誠國際,2013,12,0.93,46.29
B00271,大華國際,2013,12,1.2,32.98
B00276,品豐投顧,2013,12,1.38,35.4
B00282,鉅亨投顧,2013,12,0.13,41.52
B00286,瑞資投顧,2013,12,2.31,9.64
B00295,新光投顧,2013,12,0.42,0
B00299,鋒裕匯理,2013,12,1.02,3.51
B00303,首華投顧,2013,12,0.47,3.04
B00305,廣源投顧,2013,12,0.09,275.71
B00308,安山盛亞,2013,12,0.12,1.6
B00310,高欣投顧,2013,12,0.56,211.58
B00312,安本投顧,2013,12,1.38,12.63
B00317,福邦投顧,2013,12,0.21,289.6
B00318,聚揚投顧,2013,12,1.08,62.11
B00319,法盛投顧,2013,12,0.97,5.66
B00320,容海投顧,2013,12,0.41,7.77
B00322,先進全球投顧,2013,12,0.12,6.25
B00324,桓宇投顧,2013,12,0.14,6.48
B00327,信誠環球,2013,12,0,0
B00330,丹尼爾,2013,12,0.05,7.52
B00333,核聚投顧,2013,12,0.25,464.97
B00334,天利投顧,2013,12,0.52,0.97
B00337,東方匯理投顧,2013,12,0.17,2.27
M3000,証券,2013,12,0.07,0.61
OTC30,證券類,2013,12,0.07,0.94
T3000,證券上市櫃及金控旗下,2013,12,0.08,0.69
000016,富達證券,2012,12,0.61,145.34
000018,東亞證券,2012,12,0.13,0.44
000019,摩根證券,2012,12,0.86,3.69
000020,遠智證券,2012,12,0.61,8.18
000102,合作金庫證券,2012,12,0.06,0.3
000104,臺銀證券,2012,12,0.07,0.52
000109,駿騰新世紀,2012,12,0.07,0.66
000116,日盛證券,2012,12,0.08,1.37
000136,麥格理資本,2012,12,0.18,0.51
000140,蘇皇證券,2012,12,0.1,"31,561.67"
000144,美林證券,2012,12,0.21,1.21
000147,台灣摩根士丹,2012,12,0.08,0.52
000148,美商高盛,2012,12,0.18,0.91
000152,瑞士信貸,2012,12,0.16,1.25
000153,德意志證券,2012,12,0.16,0.87
000154,雷曼兄弟證券,2012,12,0,0
000156,港商野村,2012,12,0.23,2.44
000157,香港商法國興業證券,2012,12,0.22,4.31
000159,花旗環球證券,2012,12,0.11,0.36
000165,新加坡商瑞銀證券,2012,12,0.23,0.59
000218,亞東證券,2012,12,0.04,2.8
000230,花旗證券,2012,12,0.03,0
000511,富隆證券,2012,12,0.07,0.78
000532,高橋證券,2012,12,0.1,0.58
000538,第一金證,2012,12,0.07,0.69
000546,寶盛證券,2012,12,0.04,0.8
000560,永興證券,2012,12,0.13,1.22
000566,日進證券,2012,12,0.08,1.01
000569,豐興證券,2012,12,0.05,0.55
000586,盈溢證券,2012,12,0.05,0.89
000587,光隆證券,2012,12,0.07,1.02
000596,日茂證券,2012,12,0.09,0.94
000601,奔亞證券,2012,12,0.05,1.14
000616,中信證券,2012,12,0.06,1.13
000621,新百王證券,2012,12,0.04,0.6
000638,光和證券,2012,12,0.13,0.78
000645,永全證券,2012,12,0.09,0.79
000646,大昌證券,2012,12,0.12,1.29
000662,口袋證券,2012,12,0.06,0.66
000695,福勝證券,2012,12,0.09,0.78
000700,兆豐證券,2012,12,0.06,0.79
000702,信富資產管理,2012,12,0.07,0.59
000707,豐農證券,2012,12,0.06,0.72
000708,石橋證券,2012,12,0.09,0.83
000712,台安證券,2012,12,0.05,0.44
000767,金港證券,2012,12,0.06,0.17
000775,北城證券,2012,12,0.08,0.49
000778,富星資產管理,2012,12,0.11,0.69
000779,國票證券,2012,12,0.09,0.93
000790,豐德證券,2012,12,0.05,0.55
000815,台新證券,2012,12,0.17,2.56
000838,安泰證券,2012,12,0.1,0.85
000844,摩根大通,2012,12,0.12,1.02
000849,京城證券,2012,12,0.05,0.57
000852,中農證券,2012,12,0.06,0.65
000856,新光證券,2012,12,0.12,0.86
000866,萬通投資,2012,12,0.03,1.14
000871,陽信證券,2012,12,0.56,3.15
000877,大鼎證券,2012,12,0.06,0.82
000884,玉山證券,2012,12,0.12,1.01
000885,鑫豐證券,2012,12,0.13,0.78
000888,國泰證券,2012,12,0.08,1.24
000889,大和國泰,2012,12,0.06,0.76
000890,法銀巴黎證券,2012,12,0.29,1.94
000891,巴克萊,2012,12,0.26,2.72
000896,香港上海匯豐,2012,12,0.23,0.89
000930,華南永昌證券,2012,12,0.09,1.07
000960,富邦證券,2012,12,0.11,1.35
000980,元大證券,2012,12,0.1,1.35
0009A0,永豐金證券,2012,12,0.08,1.44
002011,愛德盟期貨,2012,12,0.22,15.56
002081,華大期貨,2012,12,0.07,0
010002,環華證金,2012,12,0.04,56.3
021011,國泰期貨,2012,12,0.03,571.66
021021,永豐期貨,2012,12,0.07,32.09
021041,凱基期貨,2012,12,0.08,25.71
021051,國票期貨,2012,12,0.08,0
021071,日盛期貨,2012,12,0.06,21.24
021141,華南期貨,2012,12,0.09,"1,608.45"
021301,兆豐期貨,2012,12,0.09,0
026000,富邦期貨,2012,12,0.06,105.59
2855,統一證,2012,12,0.08,1.4
2856,元富證,2012,12,0.06,0.62
30138,里昂證券,2012,12,0.42,1
30666,和興證券,2012,12,0.05,0.58
30769,金興證券,2012,12,0.05,0.2
31635,美商曼氏期貨,2012,12,0,0
31867,大華期貨,2012,12,0.09,19.29
5833,元大證金,2012,12,0.05,0
5864,致和證,2012,12,0.13,1.74
5866,統一期,2012,12,0.07,"2,545.25"
5867,康和期,2012,12,0.12,256.22
5869,元富期,2012,12,0.08,265.87
6003,大華證券,2012,12,0.07,5.6
6005,群益證,2012,12,0.09,1.74
6008,凱基證,2012,12,0.07,0.98
6015,宏遠證,2012,12,0.06,0.87
6016,康和證,2012,12,0.06,0.9
6020,大展證,2012,12,0.03,1.26
6021,美好證,2012,12,0.08,0.9
6022,大眾證,2012,12,0.06,1.03
6023,元大期,2012,12,0.09,183.43
6024,群益期,2012,12,0.09,245.73
6026,福邦證,2012,12,0.1,1.69
6027,德信,2012,12,0.11,1.15
B00001,日盛投顧,2012,12,0.49,11.19
B00007,富邦投顧,2012,12,0.4,4.07
B00011,元大投顧,2012,12,0.67,370.14
B00015,康和投顧,2012,12,0.25,4.5
B00018,台新投顧,2012,12,0.26,11.82
B00029,富蘭克林投顧,2012,12,0.72,549.58
B00033,第一金投顧,2012,12,0.79,11.02
B00038,華信投顧,2012,12,0.51,30.38
B00041,禮正投顧,2012,12,0.25,0
B00044,宏遠投顧,2012,12,0.22,50.6
B00046,顧德投顧,2012,12,1.72,38.08
B00047,永豐投顧,2012,12,0.53,80.71
B00051,啟發投顧,2012,12,0.41,57.32
B00063,安睿宏觀投顧,2012,12,0.09,3.92
B00072,統一投顧,2012,12,0.25,15.94
B00076,兆豐投顧,2012,12,0.76,10.92
B00090,萬通投顧,2012,12,0.67,61.27
B00112,豐銀投顧,2012,12,0.35,387.01
B00118,華南投顧,2012,12,0.19,32.13
B00121,大宇投顧,2012,12,2.29,59.82
B00122,群益投顧,2012,12,0.24,0
B00131,大展投顧,2012,12,0.05,11.5
B00133,倫元投顧,2012,12,0.66,23.57
B00149,霸菱投顧,2012,12,0.53,5.21
B00159,亞東投顧,2012,12,0.13,17.62
B00162,全球投顧,2012,12,0.12,18.85
B00164,普羊投顧,2012,12,1.57,54.28
B00192,鼎燁投顧,2012,12,1.36,36.67
B00201,國票投顧,2012,12,0.46,14.16
B00225,承通投顧,2012,12,1.01,20.22
B00233,中租投顧,2012,12,0.69,5.91
B00246,國泰投顧,2012,12,1.01,4.88
B00251,玉山投顧,2012,12,0.46,0
B00252,瑞源投顧,2012,12,0.44,23.62
B00257,君安投顧,2012,12,0.5,43.8
B00268,永誠國際,2012,12,1.51,58.89
B00271,大華國際,2012,12,1.02,25.95
B00276,品豐投顧,2012,12,1.3,115.2
B00282,鉅亨投顧,2012,12,0.02,3.61
B00286,瑞資投顧,2012,12,2.42,9.88
B00295,新光投顧,2012,12,0.33,0
B00299,鋒裕匯理,2012,12,1.14,3.59
B00303,首華投顧,2012,12,0.37,2.87
B00305,廣源投顧,2012,12,0.01,15.54
B00308,安山盛亞,2012,12,0.17,1.39
B00310,高欣投顧,2012,12,,
B00312,安本投顧,2012,12,,
B00317,福邦投顧,2012,12,0.25,0
B00318,聚揚投顧,2012,12,0.71,76.56
B00319,法盛投顧,2012,12,0.86,5.55
B00320,容海投顧,2012,12,0.32,5.24
B00322,先進全球投顧,2012,12,0.13,6.88
B00324,桓宇投顧,2012,12,0.18,0
B00327,信誠環球,2012,12,0.03,0
B00330,丹尼爾,2012,12,0.01,0
B00333,核聚投顧,2012,12,,
B00334,天利投顧,2012,12,,
B00337,東方匯理投顧,2012,12,,
M3000,証券,2012,12,0.08,1.08
OTC30,證券類,2012,12,0.07,1.18
T3000,證券上市櫃及金控旗下,2012,12,0.08,1.29
000016,富達證券,2011,12,0.63,157.23
000018,東亞證券,2011,12,0.2,11.24
000019,摩根證券,2011,12,0.92,4.13
000020,遠智證券,2011,12,0.54,9.22
000102,合作金庫證券,2011,12,,
000104,臺銀證券,2011,12,0.11,12.77
000109,駿騰新世紀,2011,12,0.03,1.47
000116,日盛證券,2011,12,0.08,3.61
000136,麥格理資本,2011,12,0.49,59.74
000140,蘇皇證券,2011,12,0.13,"1,506.41"
000144,美林證券,2011,12,0.29,0
000147,台灣摩根士丹,2011,12,0.13,458.01
000148,美商高盛,2011,12,0.26,11.69
000152,瑞士信貸,2011,12,0.27,773.43
000153,德意志證券,2011,12,0.33,"32,723.78"
000154,雷曼兄弟證券,2011,12,0,0
000156,港商野村,2011,12,0.35,0
000157,香港商法國興業證券,2011,12,0.27,0
000159,花旗環球證券,2011,12,0.22,"2,038,864.00"
000165,新加坡商瑞銀證券,2011,12,0.44,"260,273.60"
000218,亞東證券,2011,12,0.01,1.43
000230,花旗證券,2011,12,0.02,0
000511,富隆證券,2011,12,0.1,6.25
000532,高橋證券,2011,12,0.15,463.98
000538,第一金證,2011,12,0.05,1.29
000546,寶盛證券,2011,12,0.06,0
000560,永興證券,2011,12,0.21,100.45
000566,日進證券,2011,12,0.1,16.8
000569,豐興證券,2011,12,0.08,281.57
000586,盈溢證券,2011,12,0.07,0
000587,光隆證券,2011,12,0.1,111.84
000596,日茂證券,2011,12,0.13,109.58
000601,奔亞證券,2011,12,0.23,0
000616,中信證券,2011,12,0.06,4.33
000621,新百王證券,2011,12,0.04,0
000638,光和證券,2011,12,0.2,"153,729.00"
000645,永全證券,2011,12,0.15,"63,227.50"
000646,大昌證券,2011,12,0.14,16.24
000662,口袋證券,2011,12,0.08,"1,203.75"
000695,福勝證券,2011,12,0.12,847.36
000700,兆豐證券,2011,12,0.06,2.65
000702,信富資產管理,2011,12,0.09,100.67
000707,豐農證券,2011,12,0.09,0
000708,石橋證券,2011,12,0.13,0
000712,台安證券,2011,12,0.07,"3,681.00"
000767,金港證券,2011,12,0.12,0
000775,北城證券,2011,12,0.17,0
000778,富星資產管理,2011,12,0.17,67.46
000779,國票證券,2011,12,0.08,8.26
000790,豐德證券,2011,12,0.07,950.96
000815,台新證券,2011,12,0.03,1.58
000838,安泰證券,2011,12,0.15,0
000844,摩根大通,2011,12,0.24,0
000849,京城證券,2011,12,0.08,0
000852,中農證券,2011,12,0.09,218.21
000856,新光證券,2011,12,0.14,"1,075.10"
000866,萬通投資,2011,12,0.04,66.28
000871,陽信證券,2011,12,0.57,15.18
000877,大鼎證券,2011,12,0.09,"2,143.20"
000884,玉山證券,2011,12,0.13,8.6
000885,鑫豐證券,2011,12,0.19,13.37
000888,國泰證券,2011,12,0.07,21.53
000889,大和國泰,2011,12,0.08,6.57
000890,法銀巴黎證券,2011,12,0.46,0
000891,巴克萊,2011,12,0.11,0
000896,香港上海匯豐,2011,12,0.31,0
000930,華南永昌證券,2011,12,0.09,20.01
000960,富邦證券,2011,12,0.13,8.63
000980,元大證券,2011,12,0.1,7.06
0009A0,永豐金證券,2011,12,0.07,8.48
002011,愛德盟期貨,2011,12,0.2,11.54
002081,華大期貨,2011,12,0.07,0
010002,環華證金,2011,12,0.04,44.03
021011,國泰期貨,2011,12,0.05,"1,403.69"
021021,永豐期貨,2011,12,0.1,62.09
021041,凱基期貨,2011,12,0.1,31.98
021051,國票期貨,2011,12,0.11,0
021071,日盛期貨,2011,12,0.08,28.1
021141,華南期貨,2011,12,0.11,"2,344.38"
021301,兆豐期貨,2011,12,0.12,0
026000,富邦期貨,2011,12,0.08,126.18
2854,寶來證,2011,12,0.09,6.35
2855,統一證,2011,12,0.08,16.25
2856,元富證,2011,12,0.05,3.55
30138,里昂證券,2011,12,0.85,184.41
30518,太平洋證券,2011,12,0.02,4.8
30666,和興證券,2011,12,0.09,0
30769,金興證券,2011,12,0.09,0
30880,鼎富證券,2011,12,0.14,"16,721.07"
31635,美商曼氏期貨,2011,12,0.1,0
31867,大華期貨,2011,12,0.1,144.48
31872,元大期貨,2011,12,0.08,285.8
5833,元大證金,2011,12,0.05,0
5864,致和證,2011,12,0.08,"3,048.47"
5866,統一期,2011,12,0.09,"3,132.33"
5867,康和期,2011,12,0.15,413.46
5869,元富期,2011,12,0.09,390.79
6003,大華證券,2011,12,0.03,1.76
6005,群益證,2011,12,0.1,5.86
6008,凱基證,2011,12,0.08,4.18
6015,宏遠證,2011,12,0.03,2.68
6016,康和證,2011,12,0.07,3.02
6020,大展證,2011,12,0.01,0.93
6021,美好證,2011,12,0.03,4.19
6022,大眾證,2011,12,0.05,71.84
6023,元大期,2011,12,0.12,236.38
6024,群益期,2011,12,0.11,276.55
6026,福邦證,2011,12,0.13,7.33
6027,德信,2011,12,0.04,1.75
B00001,日盛投顧,2011,12,,
B00007,富邦投顧,2011,12,,
B00011,元大投顧,2011,12,,
B00015,康和投顧,2011,12,,
B00018,台新投顧,2011,12,,
B00029,富蘭克林投顧,2011,12,,
B00033,第一金投顧,2011,12,,
B00038,華信投顧,2011,12,,
B00041,禮正投顧,2011,12,,
B00044,宏遠投顧,2011,12,,
B00046,顧德投顧,2011,12,,
B00047,永豐投顧,2011,12,,
B00051,啟發投顧,2011,12,,
B00063,安睿宏觀投顧,2011,12,,
B00072,統一投顧,2011,12,,
B00076,兆豐投顧,2011,12,,
B00090,萬通投顧,2011,12,,
B00112,豐銀投顧,2011,12,,
B00118,華南投顧,2011,12,,
B00121,大宇投顧,2011,12,,
B00122,群益投顧,2011,12,,
B00131,大展投顧,2011,12,,
B00133,倫元投顧,2011,12,,
B00149,霸菱投顧,2011,12,,
B00159,亞東投顧,2011,12,,
B00162,全球投顧,2011,12,,
B00164,普羊投顧,2011,12,,
B00192,鼎燁投顧,2011,12,,
B00201,國票投顧,2011,12,,
B00225,承通投顧,2011,12,,
B00233,中租投顧,2011,12,,
B00246,國泰投顧,2011,12,,
B00251,玉山投顧,2011,12,,
B00252,瑞源投顧,2011,12,,
B00257,君安投顧,2011,12,,
B00268,永誠國際,2011,12,,
B00271,大華國際,2011,12,,
B00276,品豐投顧,2011,12,,
B00282,鉅亨投顧,2011,12,,
B00286,瑞資投顧,2011,12,,
B00295,新光投顧,2011,12,,
B00299,鋒裕匯理,2011,12,,
B00303,首華投顧,2011,12,,
B00305,廣源投顧,2011,12,,
B00308,安山盛亞,2011,12,,
B00317,福邦投顧,2011,12,,
B00318,聚揚投顧,2011,12,,
B00319,法盛投顧,2011,12,,
B00320,容海投顧,2011,12,,
B00322,先進全球投顧,2011,12,,
B00324,桓宇投顧,2011,12,,
B00327,信誠環球,2011,12,,
B00330,丹尼爾,2011,12,,
M3000,証券,2011,12,0.07,5.95
OTC30,證券類,2011,12,0.07,4.78
T3000,證券上市櫃及金控旗下,2011,12,0.07,5.56
000016,富達證券,2010,12,0.8,108.19
000018,東亞證券,2010,12,0.11,21.62
000019,摩根證券,2010,12,0.97,4.01
000020,遠智證券,2010,12,0.48,8.06
000104,臺銀證券,2010,12,0.13,14.66
000109,駿騰新世紀,2010,12,0.08,4.2
000116,日盛證券,2010,12,0.13,4.68
000136,麥格理資本,2010,12,0.55,34.14
000140,蘇皇證券,2010,12,0.11,"1,469.64"
000144,美林證券,2010,12,0.28,0
000147,台灣摩根士丹,2010,12,0.14,158.74
000148,美商高盛,2010,12,0.31,11.46
000152,瑞士信貸,2010,12,0.29,"1,898.23"
000153,德意志證券,2010,12,0.49,"83,263.48"
000154,雷曼兄弟證券,2010,12,0,0
000156,港商野村,2010,12,0.49,78.41
000157,香港商法國興業證券,2010,12,0.26,0
000159,花旗環球證券,2010,12,0.24,925.25
000165,新加坡商瑞銀證券,2010,12,0.43,0
000218,亞東證券,2010,12,0.08,8.2
000230,花旗證券,2010,12,0.05,0
000511,富隆證券,2010,12,0.14,7.68
000532,高橋證券,2010,12,0.2,512.65
000538,第一金證,2010,12,0.11,2.11
000546,寶盛證券,2010,12,0.09,0
000560,永興證券,2010,12,0.25,71.39
000566,日進證券,2010,12,0.12,100.82
000569,豐興證券,2010,12,0.1,627.03
000586,盈溢證券,2010,12,0.09,"101,200.00"
000587,光隆證券,2010,12,0.13,76.48
000596,日茂證券,2010,12,0.16,83.21
000601,奔亞證券,2010,12,0.18,0
000616,中信證券,2010,12,0.1,9.76
000621,新百王證券,2010,12,0.06,0
000638,光和證券,2010,12,0.26,"57,209.14"
000645,永全證券,2010,12,0.2,"47,913.43"
000646,大昌證券,2010,12,0.14,22.37
000662,口袋證券,2010,12,0.11,"1,408.84"
000695,福勝證券,2010,12,0.16,"1,211.02"
000700,兆豐證券,2010,12,0.11,11.4
000702,信富資產管理,2010,12,0.13,79.65
000707,豐農證券,2010,12,0.12,0
000708,石橋證券,2010,12,0.18,0
000712,台安證券,2010,12,0.1,"3,667.00"
000767,金港證券,2010,12,0.16,0
000775,北城證券,2010,12,0.21,0
000778,富星資產管理,2010,12,0.21,53.88
000779,國票證券,2010,12,0.1,8.17
000790,豐德證券,2010,12,0.1,"1,156.74"
000815,台新證券,2010,12,0.19,61.46
000838,安泰證券,2010,12,0.19,0
000844,摩根大通,2010,12,0.27,0
000849,京城證券,2010,12,0.09,0
000852,中農證券,2010,12,0.1,154.27
000856,新光證券,2010,12,0.13,"1,442.61"
000866,萬通投資,2010,12,0.05,58.12
000871,陽信證券,2010,12,0.75,26.66
000877,大鼎證券,2010,12,0.09,"1,600.06"
000884,玉山證券,2010,12,0.15,12.71
000885,鑫豐證券,2010,12,0.24,11.57
000888,國泰證券,2010,12,0.11,54.81
000889,大和國泰,2010,12,0.12,9.67
000890,法銀巴黎證券,2010,12,0.48,0
000891,巴克萊,2010,12,,
000896,香港上海匯豐,2010,12,0.26,0
000930,華南永昌證券,2010,12,0.12,3.16
000960,富邦證券,2010,12,0.13,8.77
000980,元大證券,2010,12,0.14,10.52
0009A0,永豐金證券,2010,12,0.09,12.14
002011,愛德盟期貨,2010,12,0.2,17.45
002081,華大期貨,2010,12,0.09,0
010002,環華證金,2010,12,0.04,33.84
021011,國泰期貨,2010,12,0.05,"2,730.68"
021021,永豐期貨,2010,12,0.09,586.22
021041,凱基期貨,2010,12,0.09,31.02
021051,國票期貨,2010,12,0.1,0
021071,日盛期貨,2010,12,0.09,"10,495.68"
021141,華南期貨,2010,12,0.09,"1,670.81"
021301,兆豐期貨,2010,12,0.14,0
026000,富邦期貨,2010,12,0.07,124.57
2854,寶來證,2010,12,0.15,14.23
2855,統一證,2010,12,0.12,3.84
2856,元富證,2010,12,0.08,7.81
30138,里昂證券,2010,12,0.86,174.98
30518,太平洋證券,2010,12,0.06,11.27
30666,和興證券,2010,12,0.13,0
30753,富順證券,2010,12,0.18,"45,884.86"
30769,金興證券,2010,12,0.1,0
30880,鼎富證券,2010,12,0.18,"5,225.28"
31635,美商曼氏期貨,2010,12,0.14,0
31867,大華期貨,2010,12,0.09,109.33
31872,元大期貨,2010,12,0.1,679.63
5833,元大證金,2010,12,0.07,0
5864,致和證,2010,12,0.17,"2,986.28"
5866,統一期,2010,12,0.09,0
5867,康和期,2010,12,0.14,"1,213.69"
5869,元富期,2010,12,0.09,349.09
6003,大華證券,2010,12,0.1,5.33
6005,群益證,2010,12,0.11,7.38
6008,凱基證,2010,12,0.1,6.82
6012,金鼎證,2010,12,0.09,34.77
6015,宏遠證,2010,12,0.09,6.81
6016,康和證,2010,12,0.1,4.07
6020,大展證,2010,12,0.09,4.54
6021,美好證,2010,12,0.12,20.41
6022,大眾證,2010,12,0.07,275.55
6023,元大期,2010,12,0.09,540.51
6024,群益期,2010,12,0.12,282.54
6026,福邦證,2010,12,0.09,6.17
6027,德信,2010,12,0.19,9.36
M3000,証券,2010,12,0.11,8.02
OTC30,證券類,2010,12,0.1,7.31
T3000,證券上市櫃及金控旗下,2010,12,0.11,7.45
000016,富達證券,2009,12,0.52,72.22
000018,東亞證券,2009,12,0.02,25.75
000019,摩根證券,2009,12,0.81,4.29
000020,遠智證券,2009,12,0.29,7.43
000085,美銀台北,2009,12,0.01,0.01
000104,臺銀證券,2009,12,0.13,15.52
000109,駿騰新世紀,2009,12,0.13,12.73
000116,日盛證券,2009,12,0.14,5.65
000136,麥格理資本,2009,12,0.54,36.87
000140,蘇皇證券,2009,12,0.16,"1,824.97"
000144,美林證券,2009,12,0.38,458.06
000147,台灣摩根士丹,2009,12,0.13,180.09
000148,美商高盛,2009,12,0.34,10.52
000152,瑞士信貸,2009,12,0.24,"1,240.38"
000153,德意志證券,2009,12,0.49,"2,521.35"
000154,雷曼兄弟證券,2009,12,0,0
000156,港商野村,2009,12,0.47,49.66
000157,香港商法國興業證券,2009,12,0.28,0
000159,花旗環球證券,2009,12,0.26,742.6
000165,新加坡商瑞銀證券,2009,12,0.37,"1,574.81"
000218,亞東證券,2009,12,0.14,93.94
000230,花旗證券,2009,12,0.02,0
000511,富隆證券,2009,12,0.19,59.63
000532,高橋證券,2009,12,0.24,309.04
000538,第一金證,2009,12,0.17,4.92
000546,寶盛證券,2009,12,0.1,"1,098.38"
000560,永興證券,2009,12,0.26,94
000566,日進證券,2009,12,0.16,"1,108.54"
000569,豐興證券,2009,12,0.12,982.8
000586,盈溢證券,2009,12,0.1,856.24
000587,光隆證券,2009,12,0.15,106.68
000596,日茂證券,2009,12,0.19,125.76
000601,奔亞證券,2009,12,0.33,159.74
000616,中信證券,2009,12,0.11,11.84
000621,新百王證券,2009,12,0.07,"1,150.59"
000638,光和證券,2009,12,0.32,560.83
000645,永全證券,2009,12,0.25,964.72
000646,大昌證券,2009,12,0.18,32.92
000662,口袋證券,2009,12,0.13,409.1
000695,福勝證券,2009,12,0.19,283.1
000700,兆豐證券,2009,12,0.11,3.27
000702,信富資產管理,2009,12,0.14,106.78
000707,豐農證券,2009,12,0.13,"1,148.09"
000708,石橋證券,2009,12,0.23,322
000712,台安證券,2009,12,0.12,523.63
000767,金港證券,2009,12,0.17,885.3
000775,北城證券,2009,12,0.25,0
000778,富星資產管理,2009,12,0.24,113.51
000779,國票證券,2009,12,0.14,12.7
000790,豐德證券,2009,12,0.11,446.7
000815,台新證券,2009,12,0.03,21.28
000838,安泰證券,2009,12,0.24,936.77
000844,摩根大通,2009,12,0.25,"1,658.35"
000849,京城證券,2009,12,0.1,"1,051.11"
000852,中農證券,2009,12,0.1,232.06
000856,新光證券,2009,12,0.15,"2,739.12"
000866,萬通投資,2009,12,0.07,123.04
000871,陽信證券,2009,12,0.99,19.39
000877,大鼎證券,2009,12,0.16,210.19
000884,玉山證券,2009,12,0.19,15.68
000885,鑫豐證券,2009,12,0.24,13.67
000888,國泰證券,2009,12,0.16,42.03
000889,大和國泰,2009,12,0.15,14.74
000890,法銀巴黎證券,2009,12,0.54,"1,047.03"
000896,香港上海匯豐,2009,12,0.24,"4,539.69"
000930,華南永昌證券,2009,12,0.16,3.67
000960,富邦證券,2009,12,0.16,14.38
000980,元大證券,2009,12,0.16,16.64
0009A0,永豐金證券,2009,12,0.14,19.09
002011,愛德盟期貨,2009,12,0.21,17.32
002081,華大期貨,2009,12,0.12,0
010002,環華證金,2009,12,0.03,6.15
021011,國泰期貨,2009,12,0.05,"1,280.35"
021021,永豐期貨,2009,12,0.08,561.7
021041,凱基期貨,2009,12,0.05,16.23
021051,國票期貨,2009,12,0.1,0
021071,日盛期貨,2009,12,0.1,"10,299.52"
021141,華南期貨,2009,12,0.09,"1,054.82"
021301,兆豐期貨,2009,12,0.14,0
026000,富邦期貨,2009,12,0.07,117.74
2854,寶來證,2009,12,0.12,12.03
2855,統一證,2009,12,0.15,3.87
2856,元富證,2009,12,0.13,15.79
28888,福記企管,2009,12,0.03,0
28891,安泰證金,2009,12,0.04,0
30138,里昂證券,2009,12,0.77,370.5
30197,富通證券,2009,12,0.18,49.9
30518,太平洋證券,2009,12,0.09,16.02
30550,豐銀證券,2009,12,0.25,18
30666,和興證券,2009,12,0.15,864.7
30753,富順證券,2009,12,0.22,851.54
30769,金興證券,2009,12,0.12,571.24
30869,新壽證券,2009,12,0.11,39.08
30880,鼎富證券,2009,12,0.21,574.99
31635,美商曼氏期貨,2009,12,0.13,0
31867,大華期貨,2009,12,0.1,168.01
31872,元大期貨,2009,12,0.11,868.25
5833,元大證金,2009,12,0.06,0
5864,致和證,2009,12,0.28,"1,453.63"
5866,統一期,2009,12,0.09,0
5867,康和期,2009,12,0.15,"1,001.74"
5869,元富期,2009,12,0.1,309.97
6003,大華證券,2009,12,0.14,22.21
6005,群益證,2009,12,0.17,11.38
6008,凱基證,2009,12,0.09,4.42
6012,金鼎證,2009,12,0.11,28.12
6015,宏遠證,2009,12,0.14,17.6
6016,康和證,2009,12,0.14,7.01
6020,大展證,2009,12,0.09,5.37
6021,美好證,2009,12,0.23,55.46
6022,大眾證,2009,12,0.19,59.59
6023,元大期,2009,12,0.08,"1,431.64"
6024,群益期,2009,12,0.11,251.3
6026,福邦證,2009,12,0.1,14.53
6027,德信,2009,12,0.3,54.69
M3000,証券,2009,12,0.13,9.24
OTC30,證券類,2009,12,0.1,6.48
T3000,證券上市櫃及金控旗下,2009,12,0.12,8.85
000016,富達證券,2008,12,0.63,104.68
000018,東亞證券,2008,12,0.04,12.88
000019,摩根證券,2008,12,0.88,4.34
000020,遠智證券,2008,12,,
000085,美銀台北,2008,12,,
000104,臺銀證券,2008,12,,
000109,駿騰新世紀,2008,12,0.04,2.84
000116,日盛證券,2008,12,0.08,2.81
000136,麥格理資本,2008,12,0.41,14.66
000140,蘇皇證券,2008,12,0.17,209.13
000144,美林證券,2008,12,0.54,196.87
000147,台灣摩根士丹,2008,12,0.2,117.61
000148,美商高盛,2008,12,0.5,13.82
000152,瑞士信貸,2008,12,0.28,551.42
000153,德意志證券,2008,12,0.71,484.71
000154,雷曼兄弟證券,2008,12,,
000156,港商野村,2008,12,0.38,216.65
000157,香港商法國興業證券,2008,12,0.37,"7,956.96"
000159,花旗環球證券,2008,12,0.41,"1,052.91"
000165,新加坡商瑞銀證券,2008,12,0.58,833.94
000218,亞東證券,2008,12,0.06,40.95
000230,花旗證券,2008,12,0.03,0
000511,富隆證券,2008,12,0.11,46.58
000532,高橋證券,2008,12,0.17,153.74
000538,第一金證,2008,12,0.06,2.05
000546,寶盛證券,2008,12,0.08,319.86
000560,永興證券,2008,12,0.2,100.9
000566,日進證券,2008,12,0.1,310.62
000569,豐興證券,2008,12,0.08,288.8
000586,盈溢證券,2008,12,0.08,291.22
000587,光隆證券,2008,12,0.12,112.55
000596,日茂證券,2008,12,0.15,169.72
000601,奔亞證券,2008,12,0.23,14.83
000616,中信證券,2008,12,0.03,3.94
000621,新百王證券,2008,12,0.05,313.52
000638,光和證券,2008,12,0.24,140.14
000645,永全證券,2008,12,0.19,296.61
000646,大昌證券,2008,12,0.17,28.98
000662,口袋證券,2008,12,0.08,170.34
000695,福勝證券,2008,12,0.14,134.56
000700,兆豐證券,2008,12,0,0.01
000702,信富資產管理,2008,12,0.11,172.2
000707,豐農證券,2008,12,0.1,338.37
000708,石橋證券,2008,12,0.16,134.19
000712,台安證券,2008,12,0.12,185.9
000767,金港證券,2008,12,0.13,226.49
000775,北城證券,2008,12,0.19,0
000778,富星資產管理,2008,12,0.2,256.03
000779,國票證券,2008,12,0.07,7.41
000790,豐德證券,2008,12,0.09,130.96
000815,台新證券,2008,12,0.07,289.16
000838,安泰證券,2008,12,0.18,297.18
000844,摩根大通,2008,12,0.28,393.97
000849,京城證券,2008,12,0.09,306.84
000852,中農證券,2008,12,0.07,327.2
000856,新光證券,2008,12,0.14,22.12
000866,萬通投資,2008,12,0.06,140.08
000871,陽信證券,2008,12,0.66,14.93
000877,大鼎證券,2008,12,0.13,140.96
000884,玉山證券,2008,12,0.09,7.34
000885,鑫豐證券,2008,12,0.15,13.33
000888,國泰證券,2008,12,0.08,23.45
000889,大和國泰,2008,12,0.11,1.34
000890,法銀巴黎證券,2008,12,0.52,332.18
000896,香港上海匯豐,2008,12,0.19,"1,943.45"
000930,華南永昌證券,2008,12,0.08,20.09
000960,富邦證券,2008,12,0.09,10.09
000980,元大證券,2008,12,0.11,15.67
0009A0,永豐金證券,2008,12,0.06,7.17
002011,愛德盟期貨,2008,12,0.35,19.33
002081,華大期貨,2008,12,0.14,0
010002,環華證金,2008,12,0.04,4.12
021011,國泰期貨,2008,12,0.06,"1,288.12"
021021,永豐期貨,2008,12,0.1,885.62
021041,凱基期貨,2008,12,0.14,34.79
021051,國票期貨,2008,12,0.13,0
021071,日盛期貨,2008,12,0.1,"6,159.62"
021141,華南期貨,2008,12,0.11,854.77
021211,台証期貨,2008,12,0.09,"1,288.88"
021301,兆豐期貨,2008,12,0.14,0
026000,富邦期貨,2008,12,0.07,123.45
2854,寶來證,2008,12,0.03,3.29
2855,統一證,2008,12,0.08,12.24
2856,元富證,2008,12,0.04,4.7
28888,福記企管,2008,12,0.05,0
28891,安泰證金,2008,12,0.03,0
30138,里昂證券,2008,12,0.87,499.97
30197,富通證券,2008,12,0.2,70.02
30518,太平洋證券,2008,12,0.04,13.79
30550,豐銀證券,2008,12,0.03,14.12
30666,和興證券,2008,12,0.11,249.74
30753,富順證券,2008,12,0.15,261.37
30769,金興證券,2008,12,0.09,169.93
30869,新壽證券,2008,12,0.03,7.67
30874,昇豐證券,2008,12,0.1,833.47
30880,鼎富證券,2008,12,0.18,157.78
31635,美商曼氏期貨,2008,12,0.16,0
31832,聯貿期貨,2008,12,0.06,0
31867,大華期貨,2008,12,0.08,56.86
31872,元大期貨,2008,12,0.17,"1,100.62"
5833,元大證金,2008,12,0.06,0
5864,致和證,2008,12,0.05,59.07
5866,統一期,2008,12,0.11,0
5867,康和期,2008,12,0.15,811.82
5869,元富期,2008,12,0.1,201.19
6003,大華證券,2008,12,0.02,5.16
6005,群益證,2008,12,0.04,2.25
6008,凱基證,2008,12,0.07,3.72
6010,台証證券,2008,12,0.09,36.91
6012,金鼎證,2008,12,0.02,6.87
6015,宏遠證,2008,12,0.01,0.74
6016,康和證,2008,12,0.09,3.65
6020,大展證,2008,12,0,0.18
6021,美好證,2008,12,0.06,10.44
6022,大眾證,2008,12,0.06,14.05
6023,元大期,2008,12,0.12,"3,503.84"
6024,群益期,2008,12,0.1,477.89
6026,福邦證,2008,12,0.09,1.52
6027,德信,2008,12,0,0.32
M3000,証券,2008,12,0.02,2.34
OTC30,證券類,2008,12,0.07,3.68
T3000,證券上市櫃及金控旗下,2008,12,0.05,4.83
000016,富達證券,2007,12,0.68,24.16
000018,東亞證券,2007,12,,
000019,摩根證券,2007,12,1.46,5.08
000109,駿騰新世紀,2007,12,0.11,5.31
000116,日盛證券,2007,12,0.12,3.91
000136,麥格理資本,2007,12,0.87,32.23
000140,蘇皇證券,2007,12,0.22,197.03
000144,美林證券,2007,12,,
000147,台灣摩根士丹,2007,12,0.33,83.76
000148,美商高盛,2007,12,0.72,19.13
000152,瑞士信貸,2007,12,0.43,540.94
000153,德意志證券,2007,12,0.85,357.6
000156,港商野村,2007,12,0.43,182
000157,香港商法國興業證券,2007,12,0.3,"1,833.69"
000159,花旗環球證券,2007,12,,
000165,新加坡商瑞銀證券,2007,12,0.81,364.69
000218,亞東證券,2007,12,0.13,89.24
000230,花旗證券,2007,12,0.04,983.01
000511,富隆證券,2007,12,0.24,56.79
000532,高橋證券,2007,12,0.26,202.21
000538,第一金證,2007,12,0.17,5.74
000546,寶盛證券,2007,12,0.13,229.06
000560,永興證券,2007,12,0.33,118.32
000566,日進證券,2007,12,0.17,317.66
000569,豐興證券,2007,12,0.13,296.05
000586,盈溢證券,2007,12,0.12,282.42
000587,光隆證券,2007,12,0.18,131.23
000596,日茂證券,2007,12,0.22,155.49
000601,奔亞證券,2007,12,0.09,7.22
000616,中信證券,2007,12,0.09,4.12
000620,長城國際開發,2007,12,0.69,92.49
000621,新百王證券,2007,12,0.07,281.87
000638,光和證券,2007,12,0.35,149.9
000645,永全證券,2007,12,0.24,261.16
000646,大昌證券,2007,12,0.24,55.31
000662,口袋證券,2007,12,0.19,187.84
000695,福勝證券,2007,12,0.2,220.13
000700,兆豐證券,2007,12,0.07,0.66
000702,信富資產管理,2007,12,0.17,729.73
000707,豐農證券,2007,12,0.18,345.31
000708,石橋證券,2007,12,0.4,189.49
000712,台安證券,2007,12,0.17,225.71
000767,金港證券,2007,12,0.2,223.68
000775,北城證券,2007,12,0.3,0
000778,富星資產管理,2007,12,0.3,190.5
000779,國票證券,2007,12,0.12,17.83
000790,豐德證券,2007,12,0.14,137.66
000815,台新證券,2007,12,0.09,296.08
000838,安泰證券,2007,12,0.24,270.65
000844,摩根大通,2007,12,0.36,410.48
000849,京城證券,2007,12,0.13,293.87
000852,中農證券,2007,12,0.11,326.81
000856,新光證券,2007,12,0.15,16.55
000866,萬通投資,2007,12,0.11,173.27
000871,陽信證券,2007,12,0.59,128.27
000877,大鼎證券,2007,12,0.19,104.65
000884,玉山證券,2007,12,0.13,9.69
000885,鑫豐證券,2007,12,0.2,16.07
000888,國泰證券,2007,12,0.09,672.04
000889,大和國泰,2007,12,0.21,2.33
000890,法銀巴黎證券,2007,12,0.66,349.55
000896,香港上海匯豐,2007,12,0.15,840.13
000930,華南永昌證券,2007,12,0.16,44.63
000960,富邦證券,2007,12,0.16,9.75
000980,元大證券,2007,12,0.29,31.26
0009A0,永豐金證券,2007,12,0.15,26.25
002011,愛德盟期貨,2007,12,0.33,16.41
002081,華大期貨,2007,12,0.16,0
010002,環華證金,2007,12,0.05,6.9
021011,國泰期貨,2007,12,0.03,"1,109.46"
021021,永豐期貨,2007,12,0.11,"1,062.74"
021041,凱基期貨,2007,12,0.11,25.44
021051,國票期貨,2007,12,0.11,0
021071,日盛期貨,2007,12,0.1,"1,228.61"
021141,華南期貨,2007,12,0.1,618.41
021211,台証期貨,2007,12,0.1,495.89
021301,兆豐期貨,2007,12,0.07,0
026000,富邦期貨,2007,12,0.05,122.25
2854,寶來證,2007,12,0.11,10.01
2855,統一證,2007,12,0.12,28.5
2856,元富證,2007,12,0.07,11.85
28888,福記企管,2007,12,0.06,0
28891,安泰證金,2007,12,0.04,0
30138,里昂證券,2007,12,1.05,343.54
30154,雷曼兄弟,2007,12,0.42,2.94
30197,富通證券,2007,12,0.1,0
30198,花旗美邦,2007,12,0.64,"2,097.47"
30518,太平洋證券,2007,12,0.05,65.86
30550,豐銀證券,2007,12,0.09,79.69
30666,和興證券,2007,12,0.17,280.32
30753,富順證券,2007,12,0.22,248.82
30769,金興證券,2007,12,0.14,145.68
30869,新壽證券,2007,12,0.05,6.67
30874,昇豐證券,2007,12,0.02,1.86
30880,鼎富證券,2007,12,0.29,134.23
30999,美商美林證券台灣,2007,12,0.56,219.32
31635,美商曼氏期貨,2007,12,0.21,0
31832,聯貿期貨,2007,12,0.04,0
31867,大華期貨,2007,12,0.07,66.87
31872,元大期貨,2007,12,0.16,990.06
5833,元大證金,2007,12,0.07,0
5864,致和證,2007,12,0.08,76.53
5866,統一期,2007,12,0.1,0
5867,康和期,2007,12,0.14,613.75
5869,元富期,2007,12,0.09,190.66
6003,大華證券,2007,12,0.03,7.77
6005,群益證,2007,12,0.11,6.25
6008,凱基證,2007,12,0.14,20.52
6010,台証證券,2007,12,0.13,21.13
6012,金鼎證,2007,12,0.1,41.44
6015,宏遠證,2007,12,0.12,8.11
6016,康和證,2007,12,0.14,4.07
6020,大展證,2007,12,0.1,3.78
6021,美好證,2007,12,0.1,15.46
6022,大眾證,2007,12,0.12,21.95
6023,元大期,2007,12,0.12,"8,266.27"
6024,群益期,2007,12,0.1,367.74
6026,福邦證,2007,12,0,0.03
6027,德信,2007,12,0.13,18.97
M3000,証券,2007,12,0.1,11.13
OTC30,證券類,2007,12,0.13,11.65
T3000,證券上市櫃及金控旗下,2007,12,0.11,11.19
000016,富達證券,2006,12,0.52,35.15
000019,摩根證券,2006,12,0.97,3.65
000109,駿騰新世紀,2006,12,0.06,1.94
000116,日盛證券,2006,12,0.08,3.4
000136,麥格理資本,2006,12,0.78,129.51
000140,蘇皇證券,2006,12,0.38,230.24
000147,台灣摩根士丹,2006,12,,
000148,美商高盛,2006,12,0.71,14.74
000152,瑞士信貸,2006,12,0.46,251.18
000153,德意志證券,2006,12,0.83,217.41
000156,港商野村,2006,12,0.39,144.11
000157,香港商法國興業證券,2006,12,0.33,281.34
000165,新加坡商瑞銀證券,2006,12,,
000218,亞東證券,2006,12,0.1,83.57
000230,花旗證券,2006,12,0.02,816.29
000511,富隆證券,2006,12,0.32,53.36
000532,高橋證券,2006,12,0.19,117.26
000538,第一金證,2006,12,0.11,2.87
000546,寶盛證券,2006,12,0.1,144.58
000560,永興證券,2006,12,0.26,68.81
000566,日進證券,2006,12,0.13,166.74
000569,豐興證券,2006,12,0.09,174.25
000586,盈溢證券,2006,12,0.09,170.29
000587,光隆證券,2006,12,0.13,81.64
000596,日茂證券,2006,12,0.16,88.93
000601,奔亞證券,2006,12,0.21,34.95
000616,中信證券,2006,12,0.05,0.59
000620,長城國際開發,2006,12,0.49,99.13
000621,新百王證券,2006,12,0.05,160.78
000638,光和證券,2006,12,0.21,123.95
000645,永全證券,2006,12,0.17,150.01
000646,大昌證券,2006,12,0.32,118.43
000662,口袋證券,2006,12,0.16,114.04
000695,福勝證券,2006,12,0.14,134.27
000700,兆豐證券,2006,12,0.08,0.96
000702,信富資產管理,2006,12,0.12,0
000707,豐農證券,2006,12,0.12,131.27
000708,石橋證券,2006,12,0.23,73.41
000712,台安證券,2006,12,0.12,158.69
000736,日陞證券,2006,12,0.14,130.83
000767,金港證券,2006,12,0.17,141.85
000775,北城證券,2006,12,0.21,0
000778,富星資產管理,2006,12,0.21,101.41
000779,國票證券,2006,12,0.12,11.32
000790,豐德證券,2006,12,0.12,95.24
000815,台新證券,2006,12,0.07,142.09
000838,安泰證券,2006,12,0.18,169.04
000844,摩根大通,2006,12,0.45,331.03
000849,京城證券,2006,12,0.07,146.93
000852,中農證券,2006,12,0.08,159.1
000856,新光證券,2006,12,0.12,22.52
000866,萬通投資,2006,12,0.07,118.17
000871,陽信證券,2006,12,0.35,129.86
000877,大鼎證券,2006,12,0.17,37.38
000884,玉山證券,2006,12,0.08,6.74
000885,鑫豐證券,2006,12,0.21,17.52
000888,國泰證券,2006,12,0.09,477.42
000889,大和國泰,2006,12,0.19,2.7
000890,法銀巴黎證券,2006,12,0.57,205.87
000896,香港上海匯豐,2006,12,,
000930,華南永昌證券,2006,12,0.15,81.64
000960,富邦證券,2006,12,0.14,7.58
000980,元大證券,2006,12,0.13,11.05
0009A0,永豐金證券,2006,12,0.1,23.1
002011,愛德盟期貨,2006,12,0.16,11.41
002081,華大期貨,2006,12,0.16,0
010002,環華證金,2006,12,0.03,1.03
021011,國泰期貨,2006,12,0.05,"1,237.86"
021021,永豐期貨,2006,12,0.12,870.17
021041,凱基期貨,2006,12,0.12,14.24
021051,國票期貨,2006,12,0.09,257.72
021071,日盛期貨,2006,12,0.12,"1,529.69"
021141,華南期貨,2006,12,0.11,577.23
021151,新竹期貨,2006,12,0.1,0
021211,台証期貨,2006,12,0.13,668.27
021301,兆豐期貨,2006,12,0.12,181.34
026000,富邦期貨,2006,12,0.07,134.6
2854,寶來證,2006,12,0.11,10.52
2855,統一證,2006,12,0.12,11.48
2856,元富證,2006,12,0.07,13.91
28888,福記企管,2006,12,0.05,0
28891,安泰證金,2006,12,0.03,0
30138,里昂證券,2006,12,1.01,213.29
30154,雷曼兄弟,2006,12,0.7,4.39
30197,富通證券,2006,12,0.47,11.84
30198,花旗美邦,2006,12,0.52,"1,015.31"
30518,太平洋證券,2006,12,0.04,38.02
30550,豐銀證券,2006,12,0.28,543.08
30666,和興證券,2006,12,0.13,179.66
30753,富順證券,2006,12,0.17,146.61
30769,金興證券,2006,12,0.12,79.24
30869,新壽證券,2006,12,0.12,13.74
30874,昇豐證券,2006,12,0.08,4.86
30880,鼎富證券,2006,12,0.25,83.07
30999,美商美林證券台灣,2006,12,0.53,83.62
31635,美商曼氏期貨,2006,12,0.22,0
31688,復華期貨,2006,12,0.12,623.93
31832,聯貿期貨,2006,12,0.07,0
31838,福邦期貨,2006,12,0.08,0
31867,大華期貨,2006,12,0.07,280.69
31872,元大期貨,2006,12,0.13,"3,388.92"
31880,金鼎期貨,2006,12,0,0
5833,元大證金,2006,12,0.05,0
5864,致和證,2006,12,0.3,403.38
5866,統一期,2006,12,0.13,0
5867,康和期,2006,12,0.12,644.17
5869,元富期,2006,12,0.11,403.25
6003,大華證券,2006,12,0.08,16.59
6004,元京證,2006,12,0.11,9.77
6005,群益證,2006,12,0.09,9.26
6008,凱基證,2006,12,0.12,11.45
6010,台証證券,2006,12,0.13,6.25
6012,金鼎證,2006,12,0.08,22.43
6015,宏遠證,2006,12,0.09,14.66
6016,康和證,2006,12,0.11,2.54
6020,大展證,2006,12,0.09,3
6021,美好證,2006,12,0.1,10.54
6022,大眾證,2006,12,0.1,8.76
6023,元大期,2006,12,0.17,"27,534.31"
6024,群益期,2006,12,0.1,314.73
6026,福邦證,2006,12,0.18,3.69
6027,德信,2006,12,0.02,8.5
M3000,証券,2006,12,0.1,10.92
OTC30,證券類,2006,12,0.11,7.52
T3000,證券上市櫃及金控旗下,2006,12,0.1,9.26
000016,富達證券,2005,12,0.54,41.19
000019,摩根證券,2005,12,0.63,3.09
000109,駿騰新世紀,2005,12,0.05,1.1
000116,日盛證券,2005,12,0.1,4.46
000136,麥格理資本,2005,12,0.92,172.63
000140,蘇皇證券,2005,12,0.5,295.6
000148,美商高盛,2005,12,0.63,9.68
000152,瑞士信貸,2005,12,0.48,162.1
000153,德意志證券,2005,12,0.82,117.64
000156,港商野村,2005,12,0.61,179.07
000157,香港商法國興業證券,2005,12,0.37,243.81
000218,亞東證券,2005,12,0.07,63.4
000230,花旗證券,2005,12,0.03,0
000511,富隆證券,2005,12,0.13,31.28
000532,高橋證券,2005,12,0.14,102.71
000538,第一金證,2005,12,0.12,2.59
000546,寶盛證券,2005,12,0.07,151.48
000560,永興證券,2005,12,0.2,58.78
000566,日進證券,2005,12,0.1,158.68
000569,豐興證券,2005,12,0.07,161.31
000586,盈溢證券,2005,12,0.06,164.79
000587,光隆證券,2005,12,0.09,62.76
000596,日茂證券,2005,12,0.12,83.2
000601,奔亞證券,2005,12,0.06,1.04
000615,通營證券,2005,12,0.05,93.17
000616,中信證券,2005,12,0.1,1.4
000620,長城國際開發,2005,12,0.4,106.85
000621,新百王證券,2005,12,0.04,183.07
000638,光和證券,2005,12,0.15,163.61
000645,永全證券,2005,12,0.14,164.65
000646,大昌證券,2005,12,0.25,121.78
000662,口袋證券,2005,12,0.11,147.93
000695,福勝證券,2005,12,0.1,135.98
000700,兆豐證券,2005,12,0.08,2.86
000702,信富資產管理,2005,12,0.09,318.88
000707,豐農證券,2005,12,0.08,102.75
000708,石橋證券,2005,12,0.16,85.32
000712,台安證券,2005,12,0.09,114.19
000736,日陞證券,2005,12,0.11,135.65
000767,金港證券,2005,12,0.14,135.41
000775,北城證券,2005,12,0.15,0
000778,富星資產管理,2005,12,0.16,77.87
000779,國票證券,2005,12,0.11,10.98
000790,豐德證券,2005,12,0.11,77.83
000815,台新證券,2005,12,0.06,130.24
000838,安泰證券,2005,12,0.15,159.45
000844,摩根大通,2005,12,0.61,254.42
000849,京城證券,2005,12,0.05,130.95
000852,中農證券,2005,12,0.05,135.15
000856,新光證券,2005,12,0.12,70.29
000866,萬通投資,2005,12,0.05,93.13
000871,陽信證券,2005,12,0.29,93.66
000877,大鼎證券,2005,12,0.18,44.63
000884,玉山證券,2005,12,0.09,9.62
000885,鑫豐證券,2005,12,0.16,18.59
000888,國泰證券,2005,12,0.08,66.82
000889,大和國泰,2005,12,0.22,3.43
000890,法銀巴黎證券,2005,12,0.32,106.79
000930,華南永昌證券,2005,12,0.12,39.48
000960,富邦證券,2005,12,0.1,7.86
000980,元大證券,2005,12,0.07,4.73
0009A0,永豐金證券,2005,12,0.11,22.03
002011,愛德盟期貨,2005,12,0.16,21.37
002081,華大期貨,2005,12,0.09,0
010002,環華證金,2005,12,0.03,1.19
021011,國泰期貨,2005,12,0.07,"4,627.24"
021021,永豐期貨,2005,12,0.13,"1,435.10"
021041,凱基期貨,2005,12,0.13,10.44
021051,國票期貨,2005,12,0.09,107.95
021071,日盛期貨,2005,12,0.11,"2,222.18"
021141,華南期貨,2005,12,0.08,699.75
021151,新竹期貨,2005,12,0.11,0
021211,台証期貨,2005,12,0.14,"4,370.52"
021301,兆豐期貨,2005,12,0.12,182.28
026000,富邦期貨,2005,12,0.11,149.55
2854,寶來證,2005,12,0.09,18.45
2855,統一證,2005,12,0.09,8.53
2856,元富證,2005,12,0.06,14.32
28888,福記企管,2005,12,0.04,0
28891,安泰證金,2005,12,0.03,0
30110,鑫永利,2005,12,0.02,3
30119,第一證券,2005,12,0.04,3.58
30138,里昂證券,2005,12,0.85,124.89
30142,港商匯豐詹金寶證券亞,2005,12,0.17,203.06
30147,摩根士丹利亞,2005,12,0.52,62.22
30154,雷曼兄弟,2005,12,0.48,2.14
30197,富通證券,2005,12,0.79,7.65
30198,花旗美邦,2005,12,0.52,799.7
30518,太平洋證券,2005,12,0.03,32.18
30537,鴻福證券,2005,12,0.12,147.07
30550,豐銀證券,2005,12,0.02,2.55
30666,和興證券,2005,12,0.1,164.95
30752,東勢證券,2005,12,0.11,147.19
30753,富順證券,2005,12,0.13,139.77
30769,金興證券,2005,12,0.08,65.93
30869,新壽證券,2005,12,0.07,4.4
30874,昇豐證券,2005,12,0.02,0.48
30879,網路證券,2005,12,0.41,142.87
30880,鼎富證券,2005,12,0.2,17.13
30996,英商瑞銀證券─台灣分,2005,12,0.53,220.91
30999,美商美林證券台灣,2005,12,0.64,76.46
31635,美商曼氏期貨,2005,12,0.19,0
31688,復華期貨,2005,12,0.12,479.74
31832,聯貿期貨,2005,12,0.15,0
31838,福邦期貨,2005,12,0.1,0
31867,大華期貨,2005,12,0.07,203.09
31872,元大期貨,2005,12,0.12,"2,422.18"
31880,金鼎期貨,2005,12,0.16,640.32
31929,聯邦期貨,2005,12,0.14,41.61
5833,元大證金,2005,12,0.04,0
5864,致和證,2005,12,0.03,50.34
5866,統一期,2005,12,0.12,0
5867,康和期,2005,12,0.13,786.92
5869,元富期,2005,12,0.09,590.53
6003,大華證券,2005,12,0.08,31.2
6004,元京證,2005,12,0.07,5.61
6005,群益證,2005,12,0.08,6.31
6008,凱基證,2005,12,0.07,5.28
6010,台証證券,2005,12,0.1,6.2
6012,金鼎證,2005,12,0.08,17.07
6015,宏遠證,2005,12,0.08,6.11
6016,康和證,2005,12,0.09,2.13
6020,大展證,2005,12,0.09,2
6021,美好證,2005,12,0.09,7.79
6022,大眾證,2005,12,0.07,5.48
6023,元大期,2005,12,0.17,"1,199.19"
6024,群益期,2005,12,0.09,490.42
6026,福邦證,2005,12,0.06,1.95
6027,德信,2005,12,0.06,19.53
60732,大永證券,2005,12,0.25,0
M3000,証券,2005,12,0.08,8.64
OTC30,證券類,2005,12,0.07,4.18
T3000,證券上市櫃及金控旗下,2005,12,0.08,7.62
000019,摩根證券,2004,12,0.85,3.96
000109,駿騰新世紀,2004,12,0.07,1.91
000116,日盛證券,2004,12,0.11,11.86
000136,麥格理資本,2004,12,0.77,267.91
000140,蘇皇證券,2004,12,0.51,402.5
000145,日商野村證券,2004,12,0.84,407.44
000148,美商高盛,2004,12,0.68,8.74
000152,瑞士信貸,2004,12,0.57,272.87
000153,德意志證券,2004,12,1.09,180.55
000156,港商野村,2004,12,,
000157,香港商法國興業證券,2004,12,0.12,"5,840.82"
000218,亞東證券,2004,12,0.1,31.84
000230,花旗證券,2004,12,0.04,0
000511,富隆證券,2004,12,0.19,62.53
000532,高橋證券,2004,12,0.23,205.61
000538,第一金證,2004,12,0.09,3.82
000546,寶盛證券,2004,12,0.1,281.99
000560,永興證券,2004,12,0.31,135.26
000566,日進證券,2004,12,0.14,315.66
000569,豐興證券,2004,12,0.12,332.55
000586,盈溢證券,2004,12,0.09,325.92
000587,光隆證券,2004,12,0.15,144.02
000596,日茂證券,2004,12,0.18,197.69
000601,奔亞證券,2004,12,0.19,3.12
000615,通營證券,2004,12,0.07,192.82
000616,中信證券,2004,12,0.09,7.07
000620,長城國際開發,2004,12,0.11,145.3
000621,新百王證券,2004,12,0.07,258.77
000638,光和證券,2004,12,0.25,346.02
000645,永全證券,2004,12,0.18,356.52
000646,大昌證券,2004,12,0.36,168.79
000662,口袋證券,2004,12,0.11,295.74
000695,福勝證券,2004,12,0.17,375.75
000700,兆豐證券,2004,12,0.06,1.7
000702,信富資產管理,2004,12,0.15,236.44
000707,豐農證券,2004,12,0.14,347.4
000708,石橋證券,2004,12,0.31,286.35
000712,台安證券,2004,12,0.14,255.46
000736,日陞證券,2004,12,0.18,352.24
000767,金港證券,2004,12,0.21,339.52
000775,北城證券,2004,12,0.25,0
000778,富星資產管理,2004,12,0.25,169.1
000779,國票證券,2004,12,0.1,130.79
000790,豐德證券,2004,12,0.18,134.27
000815,台新證券,2004,12,0.09,490.02
000838,安泰證券,2004,12,0.24,325.29
000844,摩根大通,2004,12,0.61,182.76
000849,京城證券,2004,12,0.1,378.22
000852,中農證券,2004,12,0.09,402.36
000856,新光證券,2004,12,0.1,274.52
000866,萬通投資,2004,12,0.08,110.53
000871,陽信證券,2004,12,0.4,146.01
000877,大鼎證券,2004,12,0.36,132.51
000884,玉山證券,2004,12,0.06,5.25
000885,鑫豐證券,2004,12,0.28,58.38
000888,國泰證券,2004,12,,
000889,大和國泰,2004,12,0.15,4.47
000890,法銀巴黎證券,2004,12,,
000930,華南永昌證券,2004,12,0.15,21.04
000960,富邦證券,2004,12,0.12,10.49
000980,元大證券,2004,12,0.11,8.07
0009A0,永豐金證券,2004,12,0.1,24.78
002011,愛德盟期貨,2004,12,0.17,37.09
002081,華大期貨,2004,12,0.13,0
010002,環華證金,2004,12,0.04,
021011,國泰期貨,2004,12,0.08,0
021021,永豐期貨,2004,12,0.13,"4,587.19"
021041,凱基期貨,2004,12,0.17,11.85
021051,國票期貨,2004,12,0.14,268.15
021071,日盛期貨,2004,12,0.11,"1,322.92"
021141,華南期貨,2004,12,0.1,492.34
021151,新竹期貨,2004,12,0.08,0
021211,台証期貨,2004,12,0.15,"2,844.76"
021301,兆豐期貨,2004,12,0.13,0
026000,富邦期貨,2004,12,0.12,183.35
2854,寶來證,2004,12,0.12,39.78
2855,統一證,2004,12,0.11,69.44
2856,元富證,2004,12,0.09,35.72
28888,福記企管,2004,12,0.05,
28891,安泰證金,2004,12,0.03,
30106,遠東證券,2004,12,0.1,0
30110,鑫永利,2004,12,0.09,5.69
30119,第一證券,2004,12,0.08,2
30138,里昂證券,2004,12,1.02,161.64
30142,港商匯豐詹金寶證券亞,2004,12,0.2,906.33
30147,摩根士丹利亞,2004,12,0.59,58.42
30154,雷曼兄弟,2004,12,0.53,1.94
30197,富通證券,2004,12,0.88,4.15
30198,花旗美邦,2004,12,0.76,"1,161.21"
30514,聯合證券,2004,12,0.15,291.44
30518,太平洋證券,2004,12,0.03,13.52
30537,鴻福證券,2004,12,0.18,324.22
30550,豐銀證券,2004,12,0.04,8.19
30660,大府城證券,2004,12,0.47,137.49
30666,和興證券,2004,12,0.15,362.3
30752,東勢證券,2004,12,0.16,353.55
30753,富順證券,2004,12,0.21,325.92
30769,金興證券,2004,12,0.14,184.04
30808,大興證券,2004,12,0.34,256.89
30869,新壽證券,2004,12,0.04,1.29
30874,昇豐證券,2004,12,0.04,0.97
30876,和通證券,2004,12,0.08,13.37
30879,網路證券,2004,12,0.5,222.68
30880,鼎富證券,2004,12,0.25,25.91
30996,英商瑞銀證券─台灣分,2004,12,0.71,319.75
30999,美商美林證券台灣,2004,12,0.91,312.22
31635,美商曼氏期貨,2004,12,0.23,0
31688,復華期貨,2004,12,0.12,689.83
31832,聯貿期貨,2004,12,0.15,0
31838,福邦期貨,2004,12,0.11,0
31844,如意期貨,2004,12,0.28,222.87
31867,大華期貨,2004,12,0.09,229.82
31872,元大期貨,2004,12,0.14,"1,718.20"
31880,金鼎期貨,2004,12,0.16,"1,074.86"
31929,聯邦期貨,2004,12,0.14,94.08
5833,元大證金,2004,12,0.03,
5864,致和證,2004,12,0.19,480.01
5866,統一期,2004,12,0.16,0
5867,康和期,2004,12,0.18,877.31
5869,元富期,2004,12,0.13,"3,069.45"
6003,大華證券,2004,12,0.07,49.79
6004,元京證,2004,12,0.09,7.48
6005,群益證,2004,12,0.1,8.24
6008,凱基證,2004,12,0.09,2.48
6010,台証證券,2004,12,0.14,40.65
6012,金鼎證,2004,12,0.11,35.06
6015,宏遠證,2004,12,0.03,1.68
6016,康和證,2004,12,0.13,5.28
6020,大展證,2004,12,0.1,2.54
6021,美好證,2004,12,0.09,10.55
6022,大眾證,2004,12,0.12,30
6023,元大期,2004,12,0.22,794.83
6024,群益期,2004,12,0.13,963.45
6026,福邦證,2004,12,0.04,4.56
6027,德信,2004,12,0.1,17.75
60732,大永證券,2004,12,0.34,0
B00076,兆豐投顧,2004,12,,
M3000,証券,2004,12,0.1,16.61
OTC30,證券類,2004,12,0.1,3.39
T3000,證券上市櫃及金控旗下,2004,12,0.1,9.45
000019,摩根證券,2003,12,0.43,6.99
000109,駿騰新世紀,2003,12,0.09,8.7
000116,日盛證券,2003,12,0.08,0
000136,麥格理資本,2003,12,0.67,270.37
000140,蘇皇證券,2003,12,0.38,435.75
000145,日商野村證券,2003,12,0.9,0
000148,美商高盛,2003,12,0.8,8
000152,瑞士信貸,2003,12,0.58,685.74
000153,德意志證券,2003,12,0.94,223.11
000157,香港商法國興業證券,2003,12,,
000218,亞東證券,2003,12,0.12,33.38
000230,花旗證券,2003,12,0.03,0
000511,富隆證券,2003,12,0.12,15.4
000532,高橋證券,2003,12,0.2,206.31
000538,第一金證,2003,12,0.09,11.41
000546,寶盛證券,2003,12,0.11,401.08
000560,永興證券,2003,12,0.28,134.29
000566,日進證券,2003,12,0.13,348.64
000569,豐興證券,2003,12,0.1,312.91
000586,盈溢證券,2003,12,0.08,357.29
000587,光隆證券,2003,12,0.13,139.56
000596,日茂證券,2003,12,0.17,208.66
000601,奔亞證券,2003,12,0.13,14.03
000615,通營證券,2003,12,0.07,219.72
000616,中信證券,2003,12,0.1,5.27
000620,長城國際開發,2003,12,0.11,190.29
000621,新百王證券,2003,12,0.07,231.48
000638,光和證券,2003,12,0.21,332.68
000645,永全證券,2003,12,0.17,446.51
000646,大昌證券,2003,12,0.31,174.04
000662,口袋證券,2003,12,0.1,264.07
000695,福勝證券,2003,12,0.15,407.63
000700,兆豐證券,2003,12,0.11,2.9
000702,信富資產管理,2003,12,0.13,380.3
000707,豐農證券,2003,12,0.12,475.5
000708,石橋證券,2003,12,0.34,403.52
000712,台安證券,2003,12,0.12,399.49
000736,日陞證券,2003,12,0.18,424.61
000767,金港證券,2003,12,0.16,332.43
000775,北城證券,2003,12,0.23,0
000778,富星資產管理,2003,12,0.22,244.17
000779,國票證券,2003,12,0.1,160.2
000790,豐德證券,2003,12,0.15,112.47
000815,台新證券,2003,12,0.08,431.39
000838,安泰證券,2003,12,0.21,344.15
000844,摩根大通,2003,12,0.47,28.93
000849,京城證券,2003,12,0.1,330.93
000852,中農證券,2003,12,0.06,422.68
000856,新光證券,2003,12,0.09,461.86
000866,萬通投資,2003,12,0.07,53.83
000871,陽信證券,2003,12,0.41,182.37
000877,大鼎證券,2003,12,0.39,120.12
000884,玉山證券,2003,12,0.05,6.04
000885,鑫豐證券,2003,12,0.24,98.16
000889,大和國泰,2003,12,0.1,4.16
000930,華南永昌證券,2003,12,0.13,16.39
000960,富邦證券,2003,12,0.1,9.92
000980,元大證券,2003,12,0.13,13.96
0009A0,永豐金證券,2003,12,0.13,36.32
002011,愛德盟期貨,2003,12,0.21,44.21
002081,華大期貨,2003,12,0.11,0
010002,環華證金,2003,12,0.05,
021011,國泰期貨,2003,12,0.05,"21,066.91"
021021,永豐期貨,2003,12,0.17,"2,073.79"
021041,凱基期貨,2003,12,0.17,16
021051,國票期貨,2003,12,0.15,0
021071,日盛期貨,2003,12,0.13,"1,311.49"
021141,華南期貨,2003,12,0.09,320.91
021151,新竹期貨,2003,12,0.12,0
021211,台証期貨,2003,12,0.15,"4,096.26"
021301,兆豐期貨,2003,12,0.17,0
026000,富邦期貨,2003,12,0.16,294.73
2854,寶來證,2003,12,0.11,43.29
2855,統一證,2003,12,0.1,53.28
2856,元富證,2003,12,0.09,21.96
28888,福記企管,2003,12,0.05,
28891,安泰證金,2003,12,0.04,
30106,遠東證券,2003,12,0.12,0
30110,鑫永利,2003,12,0.1,5.72
30119,第一證券,2003,12,0.12,1.57
30138,里昂證券,2003,12,1.11,281.74
30142,港商匯豐詹金寶證券亞,2003,12,0.45,822.47
30147,摩根士丹利亞,2003,12,0.63,321.04
30154,雷曼兄弟,2003,12,,
30197,富通證券,2003,12,1.16,2.74
30198,花旗美邦,2003,12,0.85,"1,653.51"
30514,聯合證券,2003,12,0.14,321.76
30518,太平洋證券,2003,12,0.05,10.57
30537,鴻福證券,2003,12,0.18,302.18
30550,豐銀證券,2003,12,0.09,135.74
30588,富鴻證券,2003,12,0.05,0
30598,廣明證券,2003,12,0.12,215.22
30660,大府城證券,2003,12,0.48,109.84
30666,和興證券,2003,12,0.15,421.28
30696,誠泰證券,2003,12,0.24,451.49
30752,東勢證券,2003,12,0.13,375.55
30753,富順證券,2003,12,0.21,426.5
30769,金興證券,2003,12,0.12,195.95
30808,大興證券,2003,12,0.31,244.91
30843,長利證券,2003,12,0.24,306.62
30855,大裕證券,2003,12,0.24,397.54
30869,新壽證券,2003,12,0.07,3.71
30872,榮盛證券,2003,12,0.1,184.4
30874,昇豐證券,2003,12,0.06,1.52
30876,和通證券,2003,12,0.08,26.69
30879,網路證券,2003,12,0.34,254.53
30880,鼎富證券,2003,12,0.25,317.65
30996,英商瑞銀證券─台灣分,2003,12,0.81,464.34
30999,美商美林證券台灣,2003,12,0.73,233.92
31618,宏觀投顧,2003,12,,
31635,美商曼氏期貨,2003,12,0.23,0
31688,復華期貨,2003,12,0.13,"1,386.43"
31832,聯貿期貨,2003,12,0.14,
31838,福邦期貨,2003,12,0.23,0
31844,如意期貨,2003,12,0.16,187.06
31867,大華期貨,2003,12,0.11,306.48
31872,元大期貨,2003,12,0.16,"1,080.87"
31880,金鼎期貨,2003,12,0.15,0
31929,聯邦期貨,2003,12,0.19,77.16
5833,元大證金,2003,12,0.07,
5864,致和證,2003,12,0.15,"1,432.63"
5866,統一期,2003,12,0.18,0
5867,康和期,2003,12,0.19,879.11
5869,元富期,2003,12,0.15,"1,573.68"
6003,大華證券,2003,12,0.09,39.09
6004,元京證,2003,12,0.11,8.53
6005,群益證,2003,12,0.08,10.29
6008,凱基證,2003,12,0.11,2.24
6010,台証證券,2003,12,0.11,45.83
6012,金鼎證,2003,12,0.1,0
6015,宏遠證,2003,12,0.1,30.51
6016,康和證,2003,12,0.1,7.07
6017,亞洲證券,2003,12,0.09,144.86
6020,大展證,2003,12,0.07,3.72
6021,美好證,2003,12,0.1,12.78
6022,大眾證,2003,12,0.09,6.72
6023,元大期,2003,12,0.22,"1,260.94"
6024,群益期,2003,12,0.13,609.94
6026,福邦證,2003,12,0.11,10.49
6027,德信,2003,12,0.1,43.68
60732,大永證券,2003,12,0.28,0
B00076,兆豐投顧,2003,12,,
M3000,証券,2003,12,0.1,41.74
OTC30,證券類,2003,12,0.1,4.88
T3000,證券上市櫃及金控旗下,2003,12,0.1,10.54
000019,摩根證券,2002,12,,
000109,駿騰新世紀,2002,12,0.05,9.57
000116,日盛證券,2002,12,0.14,10.57
000136,麥格理資本,2002,12,0.54,166.41
000140,蘇皇證券,2002,12,0.42,0
000145,日商野村證券,2002,12,0.79,0
000148,美商高盛,2002,12,0.87,5.88
000152,瑞士信貸,2002,12,0.64,"1,128.80"
000153,德意志證券,2002,12,1.03,205.48
000218,亞東證券,2002,12,0.01,0.36
000230,花旗證券,2002,12,0.05,0
000511,富隆證券,2002,12,0.1,14.74
000532,高橋證券,2002,12,0.27,143.77
000538,第一金證,2002,12,0.1,10.36
000542,世界證券,2002,12,0.06,15.41
000546,寶盛證券,2002,12,0.15,210.11
000560,永興證券,2002,12,0.31,72.83
000566,日進證券,2002,12,0.17,251.98
000569,豐興證券,2002,12,0.12,222.61
000586,盈溢證券,2002,12,0.11,264.96
000587,光隆證券,2002,12,0.15,80.11
000596,日茂證券,2002,12,0.21,121.6
000601,奔亞證券,2002,12,0.08,0
000615,通營證券,2002,12,0.08,184.75
000616,中信證券,2002,12,0.03,1.05
000620,長城國際開發,2002,12,0.18,62.8
000621,新百王證券,2002,12,0.08,157.79
000638,光和證券,2002,12,0.28,208.94
000645,永全證券,2002,12,0.18,184.95
000646,大昌證券,2002,12,0.36,183.43
000662,口袋證券,2002,12,0.15,145.73
000695,福勝證券,2002,12,0.19,244.8
000700,兆豐證券,2002,12,0.09,4.98
000702,信富資產管理,2002,12,0.16,0
000707,豐農證券,2002,12,0.16,243.7
000708,石橋證券,2002,12,0.46,251.25
000712,台安證券,2002,12,0.15,195.58
000736,日陞證券,2002,12,0.21,219.9
000767,金港證券,2002,12,0.23,231.3
000775,北城證券,2002,12,0.3,0
000778,富星資產管理,2002,12,0.31,123.29
000779,國票證券,2002,12,0.12,202.78
000790,豐德證券,2002,12,0.19,92.58
000815,台新證券,2002,12,0.08,196.55
000838,安泰證券,2002,12,0.27,235.38
000844,摩根大通,2002,12,0.47,10.74
000849,京城證券,2002,12,0.16,182.91
000852,中農證券,2002,12,0.2,312.98
000856,新光證券,2002,12,0.09,182.17
000866,萬通投資,2002,12,0.08,56.28
000871,陽信證券,2002,12,0.38,148.46
000877,大鼎證券,2002,12,0.47,93.18
000884,玉山證券,2002,12,0.03,4.37
000885,鑫豐證券,2002,12,0.19,43.57
000889,大和國泰,2002,12,0.05,40.37
000930,華南永昌證券,2002,12,0.14,11.7
000960,富邦證券,2002,12,0.13,12.78
000980,元大證券,2002,12,0.15,13.29
0009A0,永豐金證券,2002,12,0.12,35.06
002011,愛德盟期貨,2002,12,0.22,45.43
002081,華大期貨,2002,12,0.12,0
010002,環華證金,2002,12,0.05,
021011,國泰期貨,2002,12,0.06,"3,156.99"
021021,永豐期貨,2002,12,0.17,"1,469.53"
021041,凱基期貨,2002,12,0.14,20.74
021051,國票期貨,2002,12,0.14,0
021071,日盛期貨,2002,12,0.16,145.84
021141,華南期貨,2002,12,0.09,144.17
021151,新竹期貨,2002,12,0.13,0
021211,台証期貨,2002,12,0.15,0
021301,兆豐期貨,2002,12,0.17,0
026000,富邦期貨,2002,12,0.17,197.98
2854,寶來證,2002,12,0.13,33.47
2855,統一證,2002,12,0.1,34.59
2856,元富證,2002,12,0.11,23.41
28888,福記企管,2002,12,0.08,
28891,安泰證金,2002,12,0.05,
30106,遠東證券,2002,12,0.08,0
30110,鑫永利,2002,12,0.09,7.19
30119,第一證券,2002,12,0.14,1.43
30138,里昂證券,2002,12,0.9,233.94
30142,港商匯豐詹金寶證券亞,2002,12,0.73,560.94
30146,英商法興證券台北分公,2002,12,0.37,542.73
30147,摩根士丹利亞,2002,12,0.64,366.03
30197,富通證券,2002,12,0.75,1.22
30198,花旗美邦,2002,12,0.89,138.73
30219,菁英證券,2002,12,0.05,"1,730.78"
30514,聯合證券,2002,12,0.18,255.81
30518,太平洋證券,2002,12,0.07,23.67
30535,利通證券,2002,12,0.29,104.64
30537,鴻福證券,2002,12,0.25,173.19
30550,豐銀證券,2002,12,0.03,24.6
30559,公正證券,2002,12,0.07,113.96
30588,富鴻證券,2002,12,0.08,0
30598,廣明證券,2002,12,0.15,168.41
30634,倍利證券,2002,12,0.04,1.62
30660,大府城證券,2002,12,0.58,77.05
30666,和興證券,2002,12,0.17,229.01
30667,台鳳證券,2002,12,0.18,230.59
30696,誠泰證券,2002,12,0.28,240.87
30697,金稻埕證券,2002,12,0.18,0
30752,東勢證券,2002,12,0.16,225.28
30753,富順證券,2002,12,0.28,206.52
30769,金興證券,2002,12,0.14,86.45
30808,大興證券,2002,12,0.38,158.48
30843,長利證券,2002,12,0.23,50.22
30846,宏道證券,2002,12,0.13,0
30855,大裕證券,2002,12,0.29,229.46
30867,寶宏證券,2002,12,0.18,96.76
30869,新壽證券,2002,12,0.05,17.25
30872,榮盛證券,2002,12,0.14,35.95
30874,昇豐證券,2002,12,0.03,1.19
30876,和通證券,2002,12,0.03,9.08
30879,網路證券,2002,12,0.23,259.94
30880,鼎富證券,2002,12,0.33,111.51
30883,元鼎證券,2002,12,0.44,52.18
30886,元益證券,2002,12,0.18,68.54
30996,英商瑞銀證券─台灣分,2002,12,0.94,0
30999,美商美林證券台灣,2002,12,0.68,36.64
31618,宏觀投顧,2002,12,,
31635,美商曼氏期貨,2002,12,0.21,0
31649,瑞富羅盛豐期貨,2002,12,0.19,0
31688,復華期貨,2002,12,0.1,"1,302.16"
31832,聯貿期貨,2002,12,,
31838,福邦期貨,2002,12,0.15,0
31839,台育期貨經紀,2002,12,0.15,0
31844,如意期貨,2002,12,0.13,0
31867,大華期貨,2002,12,0.11,0
31872,元大期貨,2002,12,0.2,"1,800.61"
31880,金鼎期貨,2002,12,0.18,0
31929,聯邦期貨,2002,12,0.23,82.06
5833,元大證金,2002,12,0.06,
5864,致和證,2002,12,0.2,"1,418.87"
5866,統一期,2002,12,0.18,0
5867,康和期,2002,12,0.16,"1,459.39"
5869,元富期,2002,12,0.16,384.31
6002,台育證券,2002,12,0.08,5.2
6003,大華證券,2002,12,0.05,32.78
6004,元京證,2002,12,0.1,8.82
6005,群益證,2002,12,0.08,8.84
6008,凱基證,2002,12,0.12,25.43
6010,台証證券,2002,12,0.09,59.68
6012,金鼎證,2002,12,0.13,32.04
6015,宏遠證,2002,12,0.04,14.55
6016,康和證,2002,12,0.09,5.78
6017,亞洲證券,2002,12,0.09,5.3
6020,大展證,2002,12,0.07,28.03
6021,美好證,2002,12,0.09,15.83
6022,大眾證,2002,12,0.07,4.29
6023,元大期,2002,12,0.22,"4,478.55"
6024,群益期,2002,12,0.15,769.34
6026,福邦證,2002,12,0.07,7.75
6027,德信,2002,12,0.16,39.19
60732,大永證券,2002,12,0.32,0
B00076,兆豐投顧,2002,12,,
M3000,証券,2002,12,0.11,30
OTC30,證券類,2002,12,0.1,10.12
T3000,證券上市櫃及金控旗下,2002,12,0.11,13.97
